case_id,y_true,prediction,probability,model,model_type,dataset_split,threshold,sprint
1-740610271,1,1,1.0,majority_baseline,baseline,test,0.5,sprint2
1-729748248,0,1,1.0,majority_baseline,baseline,test,0.5,sprint2
1-740760140,1,1,1.0,majority_baseline,baseline,test,0.5,sprint2
1-736499071,0,1,1.0,majority_baseline,baseline,test,0.5,sprint2
1-738448756,1,1,1.0,majority_baseline,baseline,test,0.5,sprint2
1-722698931,0,1,1.0,majority_baseline,baseline,test,0.5,sprint2
1-738452423,1,1,1.0,majority_baseline,baseline,test,0.5,sprint2
1-739846146,0,1,1.0,majority_baseline,baseline,test,0.5,sprint2
1-740388786,1,1,1.0,majority_baseline,baseline,test,0.5,sprint2
1-733498926,0,1,1.0,majority_baseline,baseline,test,0.5,sprint2
1-736718548,1,1,1.0,majority_baseline,baseline,test,0.5,sprint2
1-738244385,1,1,1.0,majority_baseline,baseline,test,0.5,sprint2
1-738725300,0,1,1.0,majority_baseline,baseline,test,0.5,sprint2
1-739428694,1,1,1.0,majority_baseline,baseline,test,0.5,sprint2
1-738168201,1,1,1.0,majority_baseline,baseline,test,0.5,sprint2
1-739582231,1,1,1.0,majority_baseline,baseline,test,0.5,sprint2
1-738415648,0,1,1.0,majority_baseline,baseline,test,0.5,sprint2
1-738162101,1,1,1.0,majority_baseline,baseline,test,0.5,sprint2
1-729556366,0,1,1.0,majority_baseline,baseline,test,0.5,sprint2
1-737380741,0,1,1.0,majority_baseline,baseline,test,0.5,sprint2
1-740842201,1,1,1.0,majority_baseline,baseline,test,0.5,sprint2
1-692009261,0,1,1.0,majority_baseline,baseline,test,0.5,sprint2
1-732885906,1,1,1.0,majority_baseline,baseline,test,0.5,sprint2
1-736413602,0,1,1.0,majority_baseline,baseline,test,0.5,sprint2
1-738304940,1,1,1.0,majority_baseline,baseline,test,0.5,sprint2
1-737379911,1,1,1.0,majority_baseline,baseline,test,0.5,sprint2
1-739177701,0,1,1.0,majority_baseline,baseline,test,0.5,sprint2
1-737384546,1,1,1.0,majority_baseline,baseline,test,0.5,sprint2
1-738568055,1,1,1.0,majority_baseline,baseline,test,0.5,sprint2
1-740745024,1,1,1.0,majority_baseline,baseline,test,0.5,sprint2
1-738454571,1,1,1.0,majority_baseline,baseline,test,0.5,sprint2
1-739269256,0,1,1.0,majority_baseline,baseline,test,0.5,sprint2
1-739595196,1,1,1.0,majority_baseline,baseline,test,0.5,sprint2
1-738373229,0,1,1.0,majority_baseline,baseline,test,0.5,sprint2
1-732259291,0,1,1.0,majority_baseline,baseline,test,0.5,sprint2
1-739779771,1,1,1.0,majority_baseline,baseline,test,0.5,sprint2
1-740300051,1,1,1.0,majority_baseline,baseline,test,0.5,sprint2
1-740300859,1,1,1.0,majority_baseline,baseline,test,0.5,sprint2
1-739349297,1,1,1.0,majority_baseline,baseline,test,0.5,sprint2
1-739227790,0,1,1.0,majority_baseline,baseline,test,0.5,sprint2
1-739606703,1,1,1.0,majority_baseline,baseline,test,0.5,sprint2
1-732970553,0,1,1.0,majority_baseline,baseline,test,0.5,sprint2
1-740740931,1,1,1.0,majority_baseline,baseline,test,0.5,sprint2
1-739809156,1,1,1.0,majority_baseline,baseline,test,0.5,sprint2
1-739482741,1,1,1.0,majority_baseline,baseline,test,0.5,sprint2
1-740316633,0,1,1.0,majority_baseline,baseline,test,0.5,sprint2
1-739458918,1,1,1.0,majority_baseline,baseline,test,0.5,sprint2
1-735171464,1,1,1.0,majority_baseline,baseline,test,0.5,sprint2
1-734807792,0,1,1.0,majority_baseline,baseline,test,0.5,sprint2
1-732892779,0,1,1.0,majority_baseline,baseline,test,0.5,sprint2
1-739399384,1,1,1.0,majority_baseline,baseline,test,0.5,sprint2
1-738828122,0,1,1.0,majority_baseline,baseline,test,0.5,sprint2
1-740533550,1,1,1.0,majority_baseline,baseline,test,0.5,sprint2
1-739626746,1,1,1.0,majority_baseline,baseline,test,0.5,sprint2
1-735996831,1,1,1.0,majority_baseline,baseline,test,0.5,sprint2
1-737307671,0,1,1.0,majority_baseline,baseline,test,0.5,sprint2
1-735137073,0,1,1.0,majority_baseline,baseline,test,0.5,sprint2
1-720573655,0,1,1.0,majority_baseline,baseline,test,0.5,sprint2
1-740404051,0,1,1.0,majority_baseline,baseline,test,0.5,sprint2
1-739368865,1,1,1.0,majority_baseline,baseline,test,0.5,sprint2
1-740635600,1,1,1.0,majority_baseline,baseline,test,0.5,sprint2
1-726893941,0,1,1.0,majority_baseline,baseline,test,0.5,sprint2
1-734916721,0,1,1.0,majority_baseline,baseline,test,0.5,sprint2
1-740358991,1,1,1.0,majority_baseline,baseline,test,0.5,sprint2
1-736720489,0,1,1.0,majority_baseline,baseline,test,0.5,sprint2
1-737380241,0,1,1.0,majority_baseline,baseline,test,0.5,sprint2
1-738588056,1,1,1.0,majority_baseline,baseline,test,0.5,sprint2
1-736720718,0,1,1.0,majority_baseline,baseline,test,0.5,sprint2
1-739328505,1,1,1.0,majority_baseline,baseline,test,0.5,sprint2
1-738367441,0,1,1.0,majority_baseline,baseline,test,0.5,sprint2
1-738621341,1,1,1.0,majority_baseline,baseline,test,0.5,sprint2
1-736536174,0,1,1.0,majority_baseline,baseline,test,0.5,sprint2
1-738458633,1,1,1.0,majority_baseline,baseline,test,0.5,sprint2
1-738787635,1,1,1.0,majority_baseline,baseline,test,0.5,sprint2
1-740404280,0,1,1.0,majority_baseline,baseline,test,0.5,sprint2
1-728309860,0,1,1.0,majority_baseline,baseline,test,0.5,sprint2
1-738163385,1,1,1.0,majority_baseline,baseline,test,0.5,sprint2
1-732855871,0,1,1.0,majority_baseline,baseline,test,0.5,sprint2
1-738282694,1,1,1.0,majority_baseline,baseline,test,0.5,sprint2
1-587101946,0,1,1.0,majority_baseline,baseline,test,0.5,sprint2
1-730054339,0,1,1.0,majority_baseline,baseline,test,0.5,sprint2
1-738796046,0,1,1.0,majority_baseline,baseline,test,0.5,sprint2
1-740792431,1,1,1.0,majority_baseline,baseline,test,0.5,sprint2
1-740533626,1,1,1.0,majority_baseline,baseline,test,0.5,sprint2
1-731025329,0,1,1.0,majority_baseline,baseline,test,0.5,sprint2
1-739768281,1,1,1.0,majority_baseline,baseline,test,0.5,sprint2
1-731830871,0,1,1.0,majority_baseline,baseline,test,0.5,sprint2
1-740726794,1,1,1.0,majority_baseline,baseline,test,0.5,sprint2
1-738521931,0,1,1.0,majority_baseline,baseline,test,0.5,sprint2
1-701147913,0,1,1.0,majority_baseline,baseline,test,0.5,sprint2
1-738731160,1,1,1.0,majority_baseline,baseline,test,0.5,sprint2
1-740737521,1,1,1.0,majority_baseline,baseline,test,0.5,sprint2
1-717419109,0,1,1.0,majority_baseline,baseline,test,0.5,sprint2
1-738240944,0,1,1.0,majority_baseline,baseline,test,0.5,sprint2
1-739303270,0,1,1.0,majority_baseline,baseline,test,0.5,sprint2
1-740580989,1,1,1.0,majority_baseline,baseline,test,0.5,sprint2
1-736727305,0,1,1.0,majority_baseline,baseline,test,0.5,sprint2
1-740330732,0,1,1.0,majority_baseline,baseline,test,0.5,sprint2
1-737401602,1,1,1.0,majority_baseline,baseline,test,0.5,sprint2
1-731151185,0,1,1.0,majority_baseline,baseline,test,0.5,sprint2
1-730901861,0,1,1.0,majority_baseline,baseline,test,0.5,sprint2
1-740421154,0,1,1.0,majority_baseline,baseline,test,0.5,sprint2
1-739903561,0,1,1.0,majority_baseline,baseline,test,0.5,sprint2
1-736681141,0,1,1.0,majority_baseline,baseline,test,0.5,sprint2
1-734910992,1,1,1.0,majority_baseline,baseline,test,0.5,sprint2
1-736453547,0,1,1.0,majority_baseline,baseline,test,0.5,sprint2
1-739323051,0,1,1.0,majority_baseline,baseline,test,0.5,sprint2
1-739289848,1,1,1.0,majority_baseline,baseline,test,0.5,sprint2
1-738714001,1,1,1.0,majority_baseline,baseline,test,0.5,sprint2
1-709663406,0,1,1.0,majority_baseline,baseline,test,0.5,sprint2
1-736475571,0,1,1.0,majority_baseline,baseline,test,0.5,sprint2
1-730065800,0,1,1.0,majority_baseline,baseline,test,0.5,sprint2
1-739203937,0,1,1.0,majority_baseline,baseline,test,0.5,sprint2
1-738657943,1,1,1.0,majority_baseline,baseline,test,0.5,sprint2
1-740455276,1,1,1.0,majority_baseline,baseline,test,0.5,sprint2
1-738531308,1,1,1.0,majority_baseline,baseline,test,0.5,sprint2
1-739566283,1,1,1.0,majority_baseline,baseline,test,0.5,sprint2
1-739254192,1,1,1.0,majority_baseline,baseline,test,0.5,sprint2
1-740470141,0,1,1.0,majority_baseline,baseline,test,0.5,sprint2
1-738367116,1,1,1.0,majority_baseline,baseline,test,0.5,sprint2
1-740570608,1,1,1.0,majority_baseline,baseline,test,0.5,sprint2
1-738583102,1,1,1.0,majority_baseline,baseline,test,0.5,sprint2
1-739551721,1,1,1.0,majority_baseline,baseline,test,0.5,sprint2
1-738156251,0,1,1.0,majority_baseline,baseline,test,0.5,sprint2
1-737336647,1,1,1.0,majority_baseline,baseline,test,0.5,sprint2
1-738582911,0,1,1.0,majority_baseline,baseline,test,0.5,sprint2
1-737422662,0,1,1.0,majority_baseline,baseline,test,0.5,sprint2
1-729080926,0,1,1.0,majority_baseline,baseline,test,0.5,sprint2
1-734682341,0,1,1.0,majority_baseline,baseline,test,0.5,sprint2
1-740604680,1,1,1.0,majority_baseline,baseline,test,0.5,sprint2
1-737383931,1,1,1.0,majority_baseline,baseline,test,0.5,sprint2
1-730760509,0,1,1.0,majority_baseline,baseline,test,0.5,sprint2
1-740638047,0,1,1.0,majority_baseline,baseline,test,0.5,sprint2
1-731970581,0,1,1.0,majority_baseline,baseline,test,0.5,sprint2
1-737392604,0,1,1.0,majority_baseline,baseline,test,0.5,sprint2
1-739459005,1,1,1.0,majority_baseline,baseline,test,0.5,sprint2
1-740682014,1,1,1.0,majority_baseline,baseline,test,0.5,sprint2
1-734775455,1,1,1.0,majority_baseline,baseline,test,0.5,sprint2
1-726777620,0,1,1.0,majority_baseline,baseline,test,0.5,sprint2
1-738828399,1,1,1.0,majority_baseline,baseline,test,0.5,sprint2
1-649830550,0,1,1.0,majority_baseline,baseline,test,0.5,sprint2
1-739718718,1,1,1.0,majority_baseline,baseline,test,0.5,sprint2
1-735078291,0,1,1.0,majority_baseline,baseline,test,0.5,sprint2
1-730662807,0,1,1.0,majority_baseline,baseline,test,0.5,sprint2
1-737322740,1,1,1.0,majority_baseline,baseline,test,0.5,sprint2
1-733364740,0,1,1.0,majority_baseline,baseline,test,0.5,sprint2
1-740470386,0,1,1.0,majority_baseline,baseline,test,0.5,sprint2
1-738233372,0,1,1.0,majority_baseline,baseline,test,0.5,sprint2
1-736319671,1,1,1.0,majority_baseline,baseline,test,0.5,sprint2
1-703940589,0,1,1.0,majority_baseline,baseline,test,0.5,sprint2
1-737333851,1,1,1.0,majority_baseline,baseline,test,0.5,sprint2
1-738445248,1,1,1.0,majority_baseline,baseline,test,0.5,sprint2
1-740596977,0,1,1.0,majority_baseline,baseline,test,0.5,sprint2
1-739814661,0,1,1.0,majority_baseline,baseline,test,0.5,sprint2
1-738188019,1,1,1.0,majority_baseline,baseline,test,0.5,sprint2
1-739467311,1,1,1.0,majority_baseline,baseline,test,0.5,sprint2
1-733252403,0,1,1.0,majority_baseline,baseline,test,0.5,sprint2
1-734790231,0,1,1.0,majority_baseline,baseline,test,0.5,sprint2
1-739225521,0,1,1.0,majority_baseline,baseline,test,0.5,sprint2
1-717979241,0,1,1.0,majority_baseline,baseline,test,0.5,sprint2
1-736649178,0,1,1.0,majority_baseline,baseline,test,0.5,sprint2
1-739309009,0,1,1.0,majority_baseline,baseline,test,0.5,sprint2
1-739419378,1,1,1.0,majority_baseline,baseline,test,0.5,sprint2
1-739195333,1,1,1.0,majority_baseline,baseline,test,0.5,sprint2
1-740315441,0,1,1.0,majority_baseline,baseline,test,0.5,sprint2
1-733485346,1,1,1.0,majority_baseline,baseline,test,0.5,sprint2
1-740470139,1,1,1.0,majority_baseline,baseline,test,0.5,sprint2
1-739394387,1,1,1.0,majority_baseline,baseline,test,0.5,sprint2
1-738456881,1,1,1.0,majority_baseline,baseline,test,0.5,sprint2
1-735083647,0,1,1.0,majority_baseline,baseline,test,0.5,sprint2
1-739212961,0,1,1.0,majority_baseline,baseline,test,0.5,sprint2
1-734673191,0,1,1.0,majority_baseline,baseline,test,0.5,sprint2
1-739174477,1,1,1.0,majority_baseline,baseline,test,0.5,sprint2
1-736665050,0,1,1.0,majority_baseline,baseline,test,0.5,sprint2
1-738452469,0,1,1.0,majority_baseline,baseline,test,0.5,sprint2
1-735895007,0,1,1.0,majority_baseline,baseline,test,0.5,sprint2
1-740307161,1,1,1.0,majority_baseline,baseline,test,0.5,sprint2
1-738706340,1,1,1.0,majority_baseline,baseline,test,0.5,sprint2
1-740751204,0,1,1.0,majority_baseline,baseline,test,0.5,sprint2
1-728737339,0,1,1.0,majority_baseline,baseline,test,0.5,sprint2
1-729463771,0,1,1.0,majority_baseline,baseline,test,0.5,sprint2
1-738723584,0,1,1.0,majority_baseline,baseline,test,0.5,sprint2
1-740556828,1,1,1.0,majority_baseline,baseline,test,0.5,sprint2
1-732970505,0,1,1.0,majority_baseline,baseline,test,0.5,sprint2
1-739385451,1,1,1.0,majority_baseline,baseline,test,0.5,sprint2
1-728338521,0,1,1.0,majority_baseline,baseline,test,0.5,sprint2
1-738197008,0,1,1.0,majority_baseline,baseline,test,0.5,sprint2
1-739181511,0,1,1.0,majority_baseline,baseline,test,0.5,sprint2
1-736771147,1,1,1.0,majority_baseline,baseline,test,0.5,sprint2
1-738144182,0,1,1.0,majority_baseline,baseline,test,0.5,sprint2
1-738221393,1,1,1.0,majority_baseline,baseline,test,0.5,sprint2
1-739188427,1,1,1.0,majority_baseline,baseline,test,0.5,sprint2
1-732157096,0,1,1.0,majority_baseline,baseline,test,0.5,sprint2
1-739606788,1,1,1.0,majority_baseline,baseline,test,0.5,sprint2
1-709496690,0,1,1.0,majority_baseline,baseline,test,0.5,sprint2
1-737351901,0,1,1.0,majority_baseline,baseline,test,0.5,sprint2
1-722410869,0,1,1.0,majority_baseline,baseline,test,0.5,sprint2
1-737463991,1,1,1.0,majority_baseline,baseline,test,0.5,sprint2
1-734811377,0,1,1.0,majority_baseline,baseline,test,0.5,sprint2
1-740636981,1,1,1.0,majority_baseline,baseline,test,0.5,sprint2
1-738458373,1,1,1.0,majority_baseline,baseline,test,0.5,sprint2
1-740529071,1,1,1.0,majority_baseline,baseline,test,0.5,sprint2
1-737378718,0,1,1.0,majority_baseline,baseline,test,0.5,sprint2
1-536481337,0,1,1.0,majority_baseline,baseline,test,0.5,sprint2
1-739302829,1,1,1.0,majority_baseline,baseline,test,0.5,sprint2
1-736289931,0,1,1.0,majority_baseline,baseline,test,0.5,sprint2
1-730589165,0,1,1.0,majority_baseline,baseline,test,0.5,sprint2
1-730698085,0,1,1.0,majority_baseline,baseline,test,0.5,sprint2
1-738801992,0,1,1.0,majority_baseline,baseline,test,0.5,sprint2
1-739328522,0,1,1.0,majority_baseline,baseline,test,0.5,sprint2
1-739328064,1,1,1.0,majority_baseline,baseline,test,0.5,sprint2
1-738710624,1,1,1.0,majority_baseline,baseline,test,0.5,sprint2
1-739227746,1,1,1.0,majority_baseline,baseline,test,0.5,sprint2
1-739748401,0,1,1.0,majority_baseline,baseline,test,0.5,sprint2
1-739771209,1,1,1.0,majority_baseline,baseline,test,0.5,sprint2
1-696831586,0,1,1.0,majority_baseline,baseline,test,0.5,sprint2
1-739348051,1,1,1.0,majority_baseline,baseline,test,0.5,sprint2
1-739901409,1,1,1.0,majority_baseline,baseline,test,0.5,sprint2
1-734673451,0,1,1.0,majority_baseline,baseline,test,0.5,sprint2
1-739180313,0,1,1.0,majority_baseline,baseline,test,0.5,sprint2
1-740707631,1,1,1.0,majority_baseline,baseline,test,0.5,sprint2
1-740534446,1,1,1.0,majority_baseline,baseline,test,0.5,sprint2
1-738345399,1,1,1.0,majority_baseline,baseline,test,0.5,sprint2
1-734750143,0,1,1.0,majority_baseline,baseline,test,0.5,sprint2
1-739394269,1,1,1.0,majority_baseline,baseline,test,0.5,sprint2
1-740384182,1,1,1.0,majority_baseline,baseline,test,0.5,sprint2
1-739333451,1,1,1.0,majority_baseline,baseline,test,0.5,sprint2
1-734911690,0,1,1.0,majority_baseline,baseline,test,0.5,sprint2
1-738801152,0,1,1.0,majority_baseline,baseline,test,0.5,sprint2
1-737422718,0,1,1.0,majority_baseline,baseline,test,0.5,sprint2
1-738711202,1,1,1.0,majority_baseline,baseline,test,0.5,sprint2
1-739669611,1,1,1.0,majority_baseline,baseline,test,0.5,sprint2
1-739899391,0,1,1.0,majority_baseline,baseline,test,0.5,sprint2
1-738670859,1,1,1.0,majority_baseline,baseline,test,0.5,sprint2
1-736384598,0,1,1.0,majority_baseline,baseline,test,0.5,sprint2
1-733511386,0,1,1.0,majority_baseline,baseline,test,0.5,sprint2
1-739357777,0,1,1.0,majority_baseline,baseline,test,0.5,sprint2
1-718162127,0,1,1.0,majority_baseline,baseline,test,0.5,sprint2
1-739402906,1,1,1.0,majority_baseline,baseline,test,0.5,sprint2
1-739774660,1,1,1.0,majority_baseline,baseline,test,0.5,sprint2
1-731830151,0,1,1.0,majority_baseline,baseline,test,0.5,sprint2
1-738539178,0,1,1.0,majority_baseline,baseline,test,0.5,sprint2
1-737346265,1,1,1.0,majority_baseline,baseline,test,0.5,sprint2
1-738277423,1,1,1.0,majority_baseline,baseline,test,0.5,sprint2
1-716650593,0,1,1.0,majority_baseline,baseline,test,0.5,sprint2
1-720444903,0,1,1.0,majority_baseline,baseline,test,0.5,sprint2
1-740680611,0,1,1.0,majority_baseline,baseline,test,0.5,sprint2
1-740307381,0,1,1.0,majority_baseline,baseline,test,0.5,sprint2
1-736433375,0,1,1.0,majority_baseline,baseline,test,0.5,sprint2
1-739302011,0,1,1.0,majority_baseline,baseline,test,0.5,sprint2
1-738816977,0,1,1.0,majority_baseline,baseline,test,0.5,sprint2
1-738631554,0,1,1.0,majority_baseline,baseline,test,0.5,sprint2
1-739259772,1,1,1.0,majority_baseline,baseline,test,0.5,sprint2
1-738681272,1,1,1.0,majority_baseline,baseline,test,0.5,sprint2
1-731869591,0,1,1.0,majority_baseline,baseline,test,0.5,sprint2
1-701688007,0,1,1.0,majority_baseline,baseline,test,0.5,sprint2
1-719110506,0,1,1.0,majority_baseline,baseline,test,0.5,sprint2
1-729722696,0,1,1.0,majority_baseline,baseline,test,0.5,sprint2
1-739279634,1,1,1.0,majority_baseline,baseline,test,0.5,sprint2
1-652468131,0,1,1.0,majority_baseline,baseline,test,0.5,sprint2
1-740413759,0,1,1.0,majority_baseline,baseline,test,0.5,sprint2
1-739332555,0,1,1.0,majority_baseline,baseline,test,0.5,sprint2
1-739470868,1,1,1.0,majority_baseline,baseline,test,0.5,sprint2
1-738522041,0,1,1.0,majority_baseline,baseline,test,0.5,sprint2
1-731333810,0,1,1.0,majority_baseline,baseline,test,0.5,sprint2
1-738457675,0,1,1.0,majority_baseline,baseline,test,0.5,sprint2
1-738189060,0,1,1.0,majority_baseline,baseline,test,0.5,sprint2
1-739177611,0,1,1.0,majority_baseline,baseline,test,0.5,sprint2
1-740388748,1,1,1.0,majority_baseline,baseline,test,0.5,sprint2
1-740300463,1,1,1.0,majority_baseline,baseline,test,0.5,sprint2
1-696101645,0,1,1.0,majority_baseline,baseline,test,0.5,sprint2
1-739279421,1,1,1.0,majority_baseline,baseline,test,0.5,sprint2
1-740638251,1,1,1.0,majority_baseline,baseline,test,0.5,sprint2
1-726519362,0,1,1.0,majority_baseline,baseline,test,0.5,sprint2
1-691971107,0,1,1.0,majority_baseline,baseline,test,0.5,sprint2
1-730919669,0,1,1.0,majority_baseline,baseline,test,0.5,sprint2
1-738731297,1,1,1.0,majority_baseline,baseline,test,0.5,sprint2
1-740847333,1,1,1.0,majority_baseline,baseline,test,0.5,sprint2
1-738598943,1,1,1.0,majority_baseline,baseline,test,0.5,sprint2
1-737379413,1,1,1.0,majority_baseline,baseline,test,0.5,sprint2
1-733420258,0,1,1.0,majority_baseline,baseline,test,0.5,sprint2
1-738479079,1,1,1.0,majority_baseline,baseline,test,0.5,sprint2
1-740835599,1,1,1.0,majority_baseline,baseline,test,0.5,sprint2
1-739278287,0,1,1.0,majority_baseline,baseline,test,0.5,sprint2
1-729660704,0,1,1.0,majority_baseline,baseline,test,0.5,sprint2
1-739718341,1,1,1.0,majority_baseline,baseline,test,0.5,sprint2
1-737392833,0,1,1.0,majority_baseline,baseline,test,0.5,sprint2
1-737464591,1,1,1.0,majority_baseline,baseline,test,0.5,sprint2
1-739604009,1,1,1.0,majority_baseline,baseline,test,0.5,sprint2
1-740363996,0,1,1.0,majority_baseline,baseline,test,0.5,sprint2
1-738281011,0,1,1.0,majority_baseline,baseline,test,0.5,sprint2
1-738457370,1,1,1.0,majority_baseline,baseline,test,0.5,sprint2
1-730829508,0,1,1.0,majority_baseline,baseline,test,0.5,sprint2
1-737346628,1,1,1.0,majority_baseline,baseline,test,0.5,sprint2
1-712901719,0,1,1.0,majority_baseline,baseline,test,0.5,sprint2
1-740641391,1,1,1.0,majority_baseline,baseline,test,0.5,sprint2
1-740444535,1,1,1.0,majority_baseline,baseline,test,0.5,sprint2
1-739394476,0,1,1.0,majority_baseline,baseline,test,0.5,sprint2
1-739599386,1,1,1.0,majority_baseline,baseline,test,0.5,sprint2
1-740628318,1,1,1.0,majority_baseline,baseline,test,0.5,sprint2
1-739332387,1,1,1.0,majority_baseline,baseline,test,0.5,sprint2
1-734879331,0,1,1.0,majority_baseline,baseline,test,0.5,sprint2
1-730969711,0,1,1.0,majority_baseline,baseline,test,0.5,sprint2
1-694868667,0,1,1.0,majority_baseline,baseline,test,0.5,sprint2
1-733414248,0,1,1.0,majority_baseline,baseline,test,0.5,sprint2
1-738551761,0,1,1.0,majority_baseline,baseline,test,0.5,sprint2
1-737367369,1,1,1.0,majority_baseline,baseline,test,0.5,sprint2
1-736611005,1,1,1.0,majority_baseline,baseline,test,0.5,sprint2
1-737401348,1,1,1.0,majority_baseline,baseline,test,0.5,sprint2
1-731050573,0,1,1.0,majority_baseline,baseline,test,0.5,sprint2
1-739292823,0,1,1.0,majority_baseline,baseline,test,0.5,sprint2
1-738819647,0,1,1.0,majority_baseline,baseline,test,0.5,sprint2
1-734968581,0,1,1.0,majority_baseline,baseline,test,0.5,sprint2
1-739824792,1,1,1.0,majority_baseline,baseline,test,0.5,sprint2
1-739476056,1,1,1.0,majority_baseline,baseline,test,0.5,sprint2
1-738762760,1,1,1.0,majority_baseline,baseline,test,0.5,sprint2
1-733209141,0,1,1.0,majority_baseline,baseline,test,0.5,sprint2
1-737394052,0,1,1.0,majority_baseline,baseline,test,0.5,sprint2
1-738538265,1,1,1.0,majority_baseline,baseline,test,0.5,sprint2
1-739428067,1,1,1.0,majority_baseline,baseline,test,0.5,sprint2
1-733242301,0,1,1.0,majority_baseline,baseline,test,0.5,sprint2
1-728567806,0,1,1.0,majority_baseline,baseline,test,0.5,sprint2
1-719171221,0,1,1.0,majority_baseline,baseline,test,0.5,sprint2
1-738155344,0,1,1.0,majority_baseline,baseline,test,0.5,sprint2
1-740585249,1,1,1.0,majority_baseline,baseline,test,0.5,sprint2
1-738520011,1,1,1.0,majority_baseline,baseline,test,0.5,sprint2
1-737414139,1,1,1.0,majority_baseline,baseline,test,0.5,sprint2
1-740435051,0,1,1.0,majority_baseline,baseline,test,0.5,sprint2
1-738273698,0,1,1.0,majority_baseline,baseline,test,0.5,sprint2
1-739774643,1,1,1.0,majority_baseline,baseline,test,0.5,sprint2
1-739872621,1,1,1.0,majority_baseline,baseline,test,0.5,sprint2
1-740726463,1,1,1.0,majority_baseline,baseline,test,0.5,sprint2
1-739337476,1,1,1.0,majority_baseline,baseline,test,0.5,sprint2
1-738166908,1,1,1.0,majority_baseline,baseline,test,0.5,sprint2
1-738712217,1,1,1.0,majority_baseline,baseline,test,0.5,sprint2
1-738157275,0,1,1.0,majority_baseline,baseline,test,0.5,sprint2
1-736658606,0,1,1.0,majority_baseline,baseline,test,0.5,sprint2
1-738477417,1,1,1.0,majority_baseline,baseline,test,0.5,sprint2
1-740834992,1,1,1.0,majority_baseline,baseline,test,0.5,sprint2
1-739279577,1,1,1.0,majority_baseline,baseline,test,0.5,sprint2
1-733177423,1,1,1.0,majority_baseline,baseline,test,0.5,sprint2
1-739510056,1,1,1.0,majority_baseline,baseline,test,0.5,sprint2
1-688689511,0,1,1.0,majority_baseline,baseline,test,0.5,sprint2
1-738273222,1,1,1.0,majority_baseline,baseline,test,0.5,sprint2
1-732143130,0,1,1.0,majority_baseline,baseline,test,0.5,sprint2
1-737338726,1,1,1.0,majority_baseline,baseline,test,0.5,sprint2
1-738667377,1,1,1.0,majority_baseline,baseline,test,0.5,sprint2
1-738229368,0,1,1.0,majority_baseline,baseline,test,0.5,sprint2
1-737338048,1,1,1.0,majority_baseline,baseline,test,0.5,sprint2
1-738318624,1,1,1.0,majority_baseline,baseline,test,0.5,sprint2
1-739414928,1,1,1.0,majority_baseline,baseline,test,0.5,sprint2
1-737356491,1,1,1.0,majority_baseline,baseline,test,0.5,sprint2
1-738227826,1,1,1.0,majority_baseline,baseline,test,0.5,sprint2
1-740648721,1,1,1.0,majority_baseline,baseline,test,0.5,sprint2
1-733614122,0,1,1.0,majority_baseline,baseline,test,0.5,sprint2
1-740766308,1,1,1.0,majority_baseline,baseline,test,0.5,sprint2
1-733073481,0,1,1.0,majority_baseline,baseline,test,0.5,sprint2
1-740591301,1,1,1.0,majority_baseline,baseline,test,0.5,sprint2
1-738375076,1,1,1.0,majority_baseline,baseline,test,0.5,sprint2
1-739349598,1,1,1.0,majority_baseline,baseline,test,0.5,sprint2
1-740680292,1,1,1.0,majority_baseline,baseline,test,0.5,sprint2
1-739349863,1,1,1.0,majority_baseline,baseline,test,0.5,sprint2
1-739775753,1,1,1.0,majority_baseline,baseline,test,0.5,sprint2
1-737367162,1,1,1.0,majority_baseline,baseline,test,0.5,sprint2
1-740641386,1,1,1.0,majority_baseline,baseline,test,0.5,sprint2
1-739416485,1,1,1.0,majority_baseline,baseline,test,0.5,sprint2
1-736396122,1,1,1.0,majority_baseline,baseline,test,0.5,sprint2
1-737353965,1,1,1.0,majority_baseline,baseline,test,0.5,sprint2
1-738828335,0,1,1.0,majority_baseline,baseline,test,0.5,sprint2
1-737333585,1,1,1.0,majority_baseline,baseline,test,0.5,sprint2
1-709557170,0,1,1.0,majority_baseline,baseline,test,0.5,sprint2
1-738367451,1,1,1.0,majority_baseline,baseline,test,0.5,sprint2
1-739225691,1,1,1.0,majority_baseline,baseline,test,0.5,sprint2
1-738177479,0,1,1.0,majority_baseline,baseline,test,0.5,sprint2
1-738819885,0,1,1.0,majority_baseline,baseline,test,0.5,sprint2
1-735315389,0,1,1.0,majority_baseline,baseline,test,0.5,sprint2
1-730127381,0,1,1.0,majority_baseline,baseline,test,0.5,sprint2
1-729363660,0,1,1.0,majority_baseline,baseline,test,0.5,sprint2
1-731235386,0,1,1.0,majority_baseline,baseline,test,0.5,sprint2
1-739774204,0,1,1.0,majority_baseline,baseline,test,0.5,sprint2
1-739711728,1,1,1.0,majority_baseline,baseline,test,0.5,sprint2
1-740570848,1,1,1.0,majority_baseline,baseline,test,0.5,sprint2
1-737370205,1,1,1.0,majority_baseline,baseline,test,0.5,sprint2
1-740752351,0,1,1.0,majority_baseline,baseline,test,0.5,sprint2
1-735084802,1,1,1.0,majority_baseline,baseline,test,0.5,sprint2
1-729844109,0,1,1.0,majority_baseline,baseline,test,0.5,sprint2
1-737357313,1,1,1.0,majority_baseline,baseline,test,0.5,sprint2
1-740792826,1,1,1.0,majority_baseline,baseline,test,0.5,sprint2
1-740533214,1,1,1.0,majority_baseline,baseline,test,0.5,sprint2
1-734807750,0,1,1.0,majority_baseline,baseline,test,0.5,sprint2
1-739403040,1,1,1.0,majority_baseline,baseline,test,0.5,sprint2
1-738452440,1,1,1.0,majority_baseline,baseline,test,0.5,sprint2
1-732899659,0,1,1.0,majority_baseline,baseline,test,0.5,sprint2
1-740684600,1,1,1.0,majority_baseline,baseline,test,0.5,sprint2
1-734805854,0,1,1.0,majority_baseline,baseline,test,0.5,sprint2
1-739403422,1,1,1.0,majority_baseline,baseline,test,0.5,sprint2
1-738528005,0,1,1.0,majority_baseline,baseline,test,0.5,sprint2
1-728774979,0,1,1.0,majority_baseline,baseline,test,0.5,sprint2
1-732259341,0,1,1.0,majority_baseline,baseline,test,0.5,sprint2
1-739600934,1,1,1.0,majority_baseline,baseline,test,0.5,sprint2
1-739506305,1,1,1.0,majority_baseline,baseline,test,0.5,sprint2
1-738619634,1,1,1.0,majority_baseline,baseline,test,0.5,sprint2
1-738270450,1,1,1.0,majority_baseline,baseline,test,0.5,sprint2
1-733209061,0,1,1.0,majority_baseline,baseline,test,0.5,sprint2
1-737352098,1,1,1.0,majority_baseline,baseline,test,0.5,sprint2
1-729896421,0,1,1.0,majority_baseline,baseline,test,0.5,sprint2
1-740534878,1,1,1.0,majority_baseline,baseline,test,0.5,sprint2
1-739400227,1,1,1.0,majority_baseline,baseline,test,0.5,sprint2
1-738165888,1,1,1.0,majority_baseline,baseline,test,0.5,sprint2
1-727155202,0,1,1.0,majority_baseline,baseline,test,0.5,sprint2
1-738436463,0,1,1.0,majority_baseline,baseline,test,0.5,sprint2
1-738188612,0,1,1.0,majority_baseline,baseline,test,0.5,sprint2
1-738527582,1,1,1.0,majority_baseline,baseline,test,0.5,sprint2
1-738506442,1,1,1.0,majority_baseline,baseline,test,0.5,sprint2
1-739357879,0,1,1.0,majority_baseline,baseline,test,0.5,sprint2
1-716688713,0,1,1.0,majority_baseline,baseline,test,0.5,sprint2
1-739254591,0,1,1.0,majority_baseline,baseline,test,0.5,sprint2
1-731869721,0,1,1.0,majority_baseline,baseline,test,0.5,sprint2
1-738218789,0,1,1.0,majority_baseline,baseline,test,0.5,sprint2
1-693352046,0,1,1.0,majority_baseline,baseline,test,0.5,sprint2
1-730127251,0,1,1.0,majority_baseline,baseline,test,0.5,sprint2
1-739345210,0,1,1.0,majority_baseline,baseline,test,0.5,sprint2
1-734849791,0,1,1.0,majority_baseline,baseline,test,0.5,sprint2
1-734995151,0,1,1.0,majority_baseline,baseline,test,0.5,sprint2
1-738455497,1,1,1.0,majority_baseline,baseline,test,0.5,sprint2
1-740307285,0,1,1.0,majority_baseline,baseline,test,0.5,sprint2
1-722456527,0,1,1.0,majority_baseline,baseline,test,0.5,sprint2
1-738681295,1,1,1.0,majority_baseline,baseline,test,0.5,sprint2
1-738151913,0,1,1.0,majority_baseline,baseline,test,0.5,sprint2
1-734673251,0,1,1.0,majority_baseline,baseline,test,0.5,sprint2
1-740680255,1,1,1.0,majority_baseline,baseline,test,0.5,sprint2
1-740413222,1,1,1.0,majority_baseline,baseline,test,0.5,sprint2
1-740771213,1,1,1.0,majority_baseline,baseline,test,0.5,sprint2
1-734973777,1,1,1.0,majority_baseline,baseline,test,0.5,sprint2
1-722244560,0,1,1.0,majority_baseline,baseline,test,0.5,sprint2
1-739774065,1,1,1.0,majority_baseline,baseline,test,0.5,sprint2
1-730760683,0,1,1.0,majority_baseline,baseline,test,0.5,sprint2
1-738720324,1,1,1.0,majority_baseline,baseline,test,0.5,sprint2
1-740580949,1,1,1.0,majority_baseline,baseline,test,0.5,sprint2
1-736704900,1,1,1.0,majority_baseline,baseline,test,0.5,sprint2
1-733073371,0,1,1.0,majority_baseline,baseline,test,0.5,sprint2
1-737333490,0,1,1.0,majority_baseline,baseline,test,0.5,sprint2
1-736590341,1,1,1.0,majority_baseline,baseline,test,0.5,sprint2
1-734894572,0,1,1.0,majority_baseline,baseline,test,0.5,sprint2
1-739289621,1,1,1.0,majority_baseline,baseline,test,0.5,sprint2
1-704218008,0,1,1.0,majority_baseline,baseline,test,0.5,sprint2
1-722514203,0,1,1.0,majority_baseline,baseline,test,0.5,sprint2
1-720210419,0,1,1.0,majority_baseline,baseline,test,0.5,sprint2
1-735897176,0,1,1.0,majority_baseline,baseline,test,0.5,sprint2
1-735881168,1,1,1.0,majority_baseline,baseline,test,0.5,sprint2
1-739415221,1,1,1.0,majority_baseline,baseline,test,0.5,sprint2
1-739791276,1,1,1.0,majority_baseline,baseline,test,0.5,sprint2
1-719240042,0,1,1.0,majority_baseline,baseline,test,0.5,sprint2
1-736561885,1,1,1.0,majority_baseline,baseline,test,0.5,sprint2
1-738583478,1,1,1.0,majority_baseline,baseline,test,0.5,sprint2
1-730692155,0,1,1.0,majority_baseline,baseline,test,0.5,sprint2
1-740607135,0,1,1.0,majority_baseline,baseline,test,0.5,sprint2
1-738799904,1,1,1.0,majority_baseline,baseline,test,0.5,sprint2
1-737346282,1,1,1.0,majority_baseline,baseline,test,0.5,sprint2
1-735145461,0,1,1.0,majority_baseline,baseline,test,0.5,sprint2
1-739821611,1,1,1.0,majority_baseline,baseline,test,0.5,sprint2
1-730975016,0,1,1.0,majority_baseline,baseline,test,0.5,sprint2
1-716331563,0,1,1.0,majority_baseline,baseline,test,0.5,sprint2
1-740633553,1,1,1.0,majority_baseline,baseline,test,0.5,sprint2
1-739345048,0,1,1.0,majority_baseline,baseline,test,0.5,sprint2
1-739480291,0,1,1.0,majority_baseline,baseline,test,0.5,sprint2
1-726844205,0,1,1.0,majority_baseline,baseline,test,0.5,sprint2
1-730683794,0,1,1.0,majority_baseline,baseline,test,0.5,sprint2
1-738551591,0,1,1.0,majority_baseline,baseline,test,0.5,sprint2
1-737309400,1,1,1.0,majority_baseline,baseline,test,0.5,sprint2
1-740529867,1,1,1.0,majority_baseline,baseline,test,0.5,sprint2
1-738241278,0,1,1.0,majority_baseline,baseline,test,0.5,sprint2
1-728479661,0,1,1.0,majority_baseline,baseline,test,0.5,sprint2
1-740383399,0,1,1.0,majority_baseline,baseline,test,0.5,sprint2
1-733096851,0,1,1.0,majority_baseline,baseline,test,0.5,sprint2
1-728402231,0,1,1.0,majority_baseline,baseline,test,0.5,sprint2
1-740444312,1,1,1.0,majority_baseline,baseline,test,0.5,sprint2
1-740449312,1,1,1.0,majority_baseline,baseline,test,0.5,sprint2
1-739198505,0,1,1.0,majority_baseline,baseline,test,0.5,sprint2
1-740581649,1,1,1.0,majority_baseline,baseline,test,0.5,sprint2
1-739454409,1,1,1.0,majority_baseline,baseline,test,0.5,sprint2
1-739748841,0,1,1.0,majority_baseline,baseline,test,0.5,sprint2
1-720286781,0,1,1.0,majority_baseline,baseline,test,0.5,sprint2
1-739775838,1,1,1.0,majority_baseline,baseline,test,0.5,sprint2
1-737379665,1,1,1.0,majority_baseline,baseline,test,0.5,sprint2
1-699989926,0,1,1.0,majority_baseline,baseline,test,0.5,sprint2
1-740861081,1,1,1.0,majority_baseline,baseline,test,0.5,sprint2
1-735123821,0,1,1.0,majority_baseline,baseline,test,0.5,sprint2
1-739480593,1,1,1.0,majority_baseline,baseline,test,0.5,sprint2
1-739643871,1,1,1.0,majority_baseline,baseline,test,0.5,sprint2
1-730992516,0,1,1.0,majority_baseline,baseline,test,0.5,sprint2
1-734842588,0,1,1.0,majority_baseline,baseline,test,0.5,sprint2
1-738894540,0,1,1.0,majority_baseline,baseline,test,0.5,sprint2
1-734812591,0,1,1.0,majority_baseline,baseline,test,0.5,sprint2
1-738571077,1,1,1.0,majority_baseline,baseline,test,0.5,sprint2
1-739467939,1,1,1.0,majority_baseline,baseline,test,0.5,sprint2
1-739176881,1,1,1.0,majority_baseline,baseline,test,0.5,sprint2
1-737422751,1,1,1.0,majority_baseline,baseline,test,0.5,sprint2
1-739225531,0,1,1.0,majority_baseline,baseline,test,0.5,sprint2
1-736499291,0,1,1.0,majority_baseline,baseline,test,0.5,sprint2
1-738612308,1,1,1.0,majority_baseline,baseline,test,0.5,sprint2
1-734673421,0,1,1.0,majority_baseline,baseline,test,0.5,sprint2
1-737378014,1,1,1.0,majority_baseline,baseline,test,0.5,sprint2
1-739378031,0,1,1.0,majority_baseline,baseline,test,0.5,sprint2
1-738762697,1,1,1.0,majority_baseline,baseline,test,0.5,sprint2
1-738156022,1,1,1.0,majority_baseline,baseline,test,0.5,sprint2
1-738242595,0,1,1.0,majority_baseline,baseline,test,0.5,sprint2
1-737381411,1,1,1.0,majority_baseline,baseline,test,0.5,sprint2
1-593737913,0,1,1.0,majority_baseline,baseline,test,0.5,sprint2
1-735181822,1,1,1.0,majority_baseline,baseline,test,0.5,sprint2
1-706983808,0,1,1.0,majority_baseline,baseline,test,0.5,sprint2
1-738537278,1,1,1.0,majority_baseline,baseline,test,0.5,sprint2
1-738538378,1,1,1.0,majority_baseline,baseline,test,0.5,sprint2
1-739587535,0,1,1.0,majority_baseline,baseline,test,0.5,sprint2
1-739303432,0,1,1.0,majority_baseline,baseline,test,0.5,sprint2
1-686580161,0,1,1.0,majority_baseline,baseline,test,0.5,sprint2
1-737379684,1,1,1.0,majority_baseline,baseline,test,0.5,sprint2
1-736726945,0,1,1.0,majority_baseline,baseline,test,0.5,sprint2
1-740560504,1,1,1.0,majority_baseline,baseline,test,0.5,sprint2
1-738811957,1,1,1.0,majority_baseline,baseline,test,0.5,sprint2
1-740703451,1,1,1.0,majority_baseline,baseline,test,0.5,sprint2
1-731818521,0,1,1.0,majority_baseline,baseline,test,0.5,sprint2
1-738279071,1,1,1.0,majority_baseline,baseline,test,0.5,sprint2
1-739285066,0,1,1.0,majority_baseline,baseline,test,0.5,sprint2
1-738811969,1,1,1.0,majority_baseline,baseline,test,0.5,sprint2
1-737421721,0,1,1.0,majority_baseline,baseline,test,0.5,sprint2
1-737406075,1,1,1.0,majority_baseline,baseline,test,0.5,sprint2
1-740814456,0,1,1.0,majority_baseline,baseline,test,0.5,sprint2
1-728479140,0,1,1.0,majority_baseline,baseline,test,0.5,sprint2
1-736709151,1,1,1.0,majority_baseline,baseline,test,0.5,sprint2
1-739642918,0,1,1.0,majority_baseline,baseline,test,0.5,sprint2
1-737312961,0,1,1.0,majority_baseline,baseline,test,0.5,sprint2
1-739415175,1,1,1.0,majority_baseline,baseline,test,0.5,sprint2
1-738150892,0,1,1.0,majority_baseline,baseline,test,0.5,sprint2
1-618854217,0,1,1.0,majority_baseline,baseline,test,0.5,sprint2
1-718100518,0,1,1.0,majority_baseline,baseline,test,0.5,sprint2
1-738354315,0,1,1.0,majority_baseline,baseline,test,0.5,sprint2
1-738895230,0,1,1.0,majority_baseline,baseline,test,0.5,sprint2
1-732027653,0,1,1.0,majority_baseline,baseline,test,0.5,sprint2
1-740330778,0,1,1.0,majority_baseline,baseline,test,0.5,sprint2
1-740292158,0,1,1.0,majority_baseline,baseline,test,0.5,sprint2
1-739791131,1,1,1.0,majority_baseline,baseline,test,0.5,sprint2
1-738145940,0,1,1.0,majority_baseline,baseline,test,0.5,sprint2
1-738384002,1,1,1.0,majority_baseline,baseline,test,0.5,sprint2
1-740462699,1,1,1.0,majority_baseline,baseline,test,0.5,sprint2
1-740814666,1,1,1.0,majority_baseline,baseline,test,0.5,sprint2
1-739770381,1,1,1.0,majority_baseline,baseline,test,0.5,sprint2
1-739323183,1,1,1.0,majority_baseline,baseline,test,0.5,sprint2
1-740462424,0,1,1.0,majority_baseline,baseline,test,0.5,sprint2
1-738146517,1,1,1.0,majority_baseline,baseline,test,0.5,sprint2
1-740683983,1,1,1.0,majority_baseline,baseline,test,0.5,sprint2
1-732203933,0,1,1.0,majority_baseline,baseline,test,0.5,sprint2
1-737379081,0,1,1.0,majority_baseline,baseline,test,0.5,sprint2
1-737462627,0,1,1.0,majority_baseline,baseline,test,0.5,sprint2
1-738457257,1,1,1.0,majority_baseline,baseline,test,0.5,sprint2
1-737406009,1,1,1.0,majority_baseline,baseline,test,0.5,sprint2
1-740556477,1,1,1.0,majority_baseline,baseline,test,0.5,sprint2
1-717067711,0,1,1.0,majority_baseline,baseline,test,0.5,sprint2
1-738725061,1,1,1.0,majority_baseline,baseline,test,0.5,sprint2
1-740493371,1,1,1.0,majority_baseline,baseline,test,0.5,sprint2
1-740684551,1,1,1.0,majority_baseline,baseline,test,0.5,sprint2
1-739771431,1,1,1.0,majority_baseline,baseline,test,0.5,sprint2
1-740559958,1,1,1.0,majority_baseline,baseline,test,0.5,sprint2
1-720395521,0,1,1.0,majority_baseline,baseline,test,0.5,sprint2
1-732030201,0,1,1.0,majority_baseline,baseline,test,0.5,sprint2
1-739292845,1,1,1.0,majority_baseline,baseline,test,0.5,sprint2
1-740706986,1,1,1.0,majority_baseline,baseline,test,0.5,sprint2
1-740622990,1,1,1.0,majority_baseline,baseline,test,0.5,sprint2
1-740679735,1,1,1.0,majority_baseline,baseline,test,0.5,sprint2
1-738165149,1,1,1.0,majority_baseline,baseline,test,0.5,sprint2
1-728749040,0,1,1.0,majority_baseline,baseline,test,0.5,sprint2
1-736595605,0,1,1.0,majority_baseline,baseline,test,0.5,sprint2
1-729769884,0,1,1.0,majority_baseline,baseline,test,0.5,sprint2
1-737379931,0,1,1.0,majority_baseline,baseline,test,0.5,sprint2
1-738366991,0,1,1.0,majority_baseline,baseline,test,0.5,sprint2
1-738491604,1,1,1.0,majority_baseline,baseline,test,0.5,sprint2
1-739259783,1,1,1.0,majority_baseline,baseline,test,0.5,sprint2
1-737425231,0,1,1.0,majority_baseline,baseline,test,0.5,sprint2
1-739492319,1,1,1.0,majority_baseline,baseline,test,0.5,sprint2
1-738503221,0,1,1.0,majority_baseline,baseline,test,0.5,sprint2
1-737384312,1,1,1.0,majority_baseline,baseline,test,0.5,sprint2
1-734812361,0,1,1.0,majority_baseline,baseline,test,0.5,sprint2
1-740357018,1,1,1.0,majority_baseline,baseline,test,0.5,sprint2
1-738516564,1,1,1.0,majority_baseline,baseline,test,0.5,sprint2
1-739176440,0,1,1.0,majority_baseline,baseline,test,0.5,sprint2
1-740581599,1,1,1.0,majority_baseline,baseline,test,0.5,sprint2
1-739285770,0,1,1.0,majority_baseline,baseline,test,0.5,sprint2
1-736727562,0,1,1.0,majority_baseline,baseline,test,0.5,sprint2
1-694845331,0,1,1.0,majority_baseline,baseline,test,0.5,sprint2
1-729654566,0,1,1.0,majority_baseline,baseline,test,0.5,sprint2
1-719171201,0,1,1.0,majority_baseline,baseline,test,0.5,sprint2
1-734671867,0,1,1.0,majority_baseline,baseline,test,0.5,sprint2
1-733478032,0,1,1.0,majority_baseline,baseline,test,0.5,sprint2
1-740595749,0,1,1.0,majority_baseline,baseline,test,0.5,sprint2
1-730080969,0,1,1.0,majority_baseline,baseline,test,0.5,sprint2
1-740679461,1,1,1.0,majority_baseline,baseline,test,0.5,sprint2
1-739713354,1,1,1.0,majority_baseline,baseline,test,0.5,sprint2
1-709502283,0,1,1.0,majority_baseline,baseline,test,0.5,sprint2
1-728372131,0,1,1.0,majority_baseline,baseline,test,0.5,sprint2
1-737356951,1,1,1.0,majority_baseline,baseline,test,0.5,sprint2
1-732212251,1,1,1.0,majority_baseline,baseline,test,0.5,sprint2
1-739195237,1,1,1.0,majority_baseline,baseline,test,0.5,sprint2
1-732261411,0,1,1.0,majority_baseline,baseline,test,0.5,sprint2
1-739753718,1,1,1.0,majority_baseline,baseline,test,0.5,sprint2
1-737345168,1,1,1.0,majority_baseline,baseline,test,0.5,sprint2
1-740490411,0,1,1.0,majority_baseline,baseline,test,0.5,sprint2
1-739359194,0,1,1.0,majority_baseline,baseline,test,0.5,sprint2
1-739626672,1,1,1.0,majority_baseline,baseline,test,0.5,sprint2
1-738373032,1,1,1.0,majority_baseline,baseline,test,0.5,sprint2
1-736674751,1,1,1.0,majority_baseline,baseline,test,0.5,sprint2
1-729523637,0,1,1.0,majority_baseline,baseline,test,0.5,sprint2
1-739898122,1,1,1.0,majority_baseline,baseline,test,0.5,sprint2
1-722242703,0,1,1.0,majority_baseline,baseline,test,0.5,sprint2
1-740805060,1,1,1.0,majority_baseline,baseline,test,0.5,sprint2
1-722653227,0,1,1.0,majority_baseline,baseline,test,0.5,sprint2
1-736602185,1,1,1.0,majority_baseline,baseline,test,0.5,sprint2
1-738162969,1,1,1.0,majority_baseline,baseline,test,0.5,sprint2
1-720472166,0,1,1.0,majority_baseline,baseline,test,0.5,sprint2
1-738212654,1,1,1.0,majority_baseline,baseline,test,0.5,sprint2
1-734908392,0,1,1.0,majority_baseline,baseline,test,0.5,sprint2
1-735180913,0,1,1.0,majority_baseline,baseline,test,0.5,sprint2
1-738303130,1,1,1.0,majority_baseline,baseline,test,0.5,sprint2
1-738203288,0,1,1.0,majority_baseline,baseline,test,0.5,sprint2
1-739203185,1,1,1.0,majority_baseline,baseline,test,0.5,sprint2
1-731830081,0,1,1.0,majority_baseline,baseline,test,0.5,sprint2
1-738372798,1,1,1.0,majority_baseline,baseline,test,0.5,sprint2
1-734706379,0,1,1.0,majority_baseline,baseline,test,0.5,sprint2
1-739415839,1,1,1.0,majority_baseline,baseline,test,0.5,sprint2
1-720001688,0,1,1.0,majority_baseline,baseline,test,0.5,sprint2
1-737309015,0,1,1.0,majority_baseline,baseline,test,0.5,sprint2
1-740462506,1,1,1.0,majority_baseline,baseline,test,0.5,sprint2
1-737381379,1,1,1.0,majority_baseline,baseline,test,0.5,sprint2
1-736674162,1,1,1.0,majority_baseline,baseline,test,0.5,sprint2
1-728256681,0,1,1.0,majority_baseline,baseline,test,0.5,sprint2
1-738397375,1,1,1.0,majority_baseline,baseline,test,0.5,sprint2
1-740529525,0,1,1.0,majority_baseline,baseline,test,0.5,sprint2
1-735077470,0,1,1.0,majority_baseline,baseline,test,0.5,sprint2
1-740542342,1,1,1.0,majority_baseline,baseline,test,0.5,sprint2
1-738162150,1,1,1.0,majority_baseline,baseline,test,0.5,sprint2
1-737414501,1,1,1.0,majority_baseline,baseline,test,0.5,sprint2
1-736667581,0,1,1.0,majority_baseline,baseline,test,0.5,sprint2
1-732179287,0,1,1.0,majority_baseline,baseline,test,0.5,sprint2
1-739843472,0,1,1.0,majority_baseline,baseline,test,0.5,sprint2
1-739548890,1,1,1.0,majority_baseline,baseline,test,0.5,sprint2
1-734836356,0,1,1.0,majority_baseline,baseline,test,0.5,sprint2
1-736674351,1,1,1.0,majority_baseline,baseline,test,0.5,sprint2
1-740826591,0,1,1.0,majority_baseline,baseline,test,0.5,sprint2
1-732025285,0,1,1.0,majority_baseline,baseline,test,0.5,sprint2
1-739177207,0,1,1.0,majority_baseline,baseline,test,0.5,sprint2
1-732886222,0,1,1.0,majority_baseline,baseline,test,0.5,sprint2
1-717799091,0,1,1.0,majority_baseline,baseline,test,0.5,sprint2
1-734911770,0,1,1.0,majority_baseline,baseline,test,0.5,sprint2
1-739167541,1,1,1.0,majority_baseline,baseline,test,0.5,sprint2
1-736548243,1,1,1.0,majority_baseline,baseline,test,0.5,sprint2
1-740396848,1,1,1.0,majority_baseline,baseline,test,0.5,sprint2
1-738516353,1,1,1.0,majority_baseline,baseline,test,0.5,sprint2
1-740537539,1,1,1.0,majority_baseline,baseline,test,0.5,sprint2
1-726894731,0,1,1.0,majority_baseline,baseline,test,0.5,sprint2
1-740443901,0,1,1.0,majority_baseline,baseline,test,0.5,sprint2
1-740308384,0,1,1.0,majority_baseline,baseline,test,0.5,sprint2
1-738771023,1,1,1.0,majority_baseline,baseline,test,0.5,sprint2
1-722446651,0,1,1.0,majority_baseline,baseline,test,0.5,sprint2
1-739560251,1,1,1.0,majority_baseline,baseline,test,0.5,sprint2
1-739426361,1,1,1.0,majority_baseline,baseline,test,0.5,sprint2
1-734904561,0,1,1.0,majority_baseline,baseline,test,0.5,sprint2
1-740617747,1,1,1.0,majority_baseline,baseline,test,0.5,sprint2
1-739254726,0,1,1.0,majority_baseline,baseline,test,0.5,sprint2
1-738318366,0,1,1.0,majority_baseline,baseline,test,0.5,sprint2
1-728627978,0,1,1.0,majority_baseline,baseline,test,0.5,sprint2
1-740490668,1,1,1.0,majority_baseline,baseline,test,0.5,sprint2
1-740622971,1,1,1.0,majority_baseline,baseline,test,0.5,sprint2
1-739658907,1,1,1.0,majority_baseline,baseline,test,0.5,sprint2
1-708840281,0,1,1.0,majority_baseline,baseline,test,0.5,sprint2
1-735077961,0,1,1.0,majority_baseline,baseline,test,0.5,sprint2
1-739494503,1,1,1.0,majority_baseline,baseline,test,0.5,sprint2
1-739306691,0,1,1.0,majority_baseline,baseline,test,0.5,sprint2
1-716092458,0,1,1.0,majority_baseline,baseline,test,0.5,sprint2
1-726754037,0,1,1.0,majority_baseline,baseline,test,0.5,sprint2
1-736674516,1,1,1.0,majority_baseline,baseline,test,0.5,sprint2
1-733209881,0,1,1.0,majority_baseline,baseline,test,0.5,sprint2
1-738588615,1,1,1.0,majority_baseline,baseline,test,0.5,sprint2
1-739765101,0,1,1.0,majority_baseline,baseline,test,0.5,sprint2
1-739292964,0,1,1.0,majority_baseline,baseline,test,0.5,sprint2
1-740357708,0,1,1.0,majority_baseline,baseline,test,0.5,sprint2
1-738408550,1,1,1.0,majority_baseline,baseline,test,0.5,sprint2
1-736669131,0,1,1.0,majority_baseline,baseline,test,0.5,sprint2
1-734863265,0,1,1.0,majority_baseline,baseline,test,0.5,sprint2
1-740493471,1,1,1.0,majority_baseline,baseline,test,0.5,sprint2
1-739718649,1,1,1.0,majority_baseline,baseline,test,0.5,sprint2
1-739610612,0,1,1.0,majority_baseline,baseline,test,0.5,sprint2
1-740682250,1,1,1.0,majority_baseline,baseline,test,0.5,sprint2
1-739790868,1,1,1.0,majority_baseline,baseline,test,0.5,sprint2
1-739521965,1,1,1.0,majority_baseline,baseline,test,0.5,sprint2
1-729463721,0,1,1.0,majority_baseline,baseline,test,0.5,sprint2
1-718021221,0,1,1.0,majority_baseline,baseline,test,0.5,sprint2
1-739293482,0,1,1.0,majority_baseline,baseline,test,0.5,sprint2
1-737462837,0,1,1.0,majority_baseline,baseline,test,0.5,sprint2
1-740858915,1,1,1.0,majority_baseline,baseline,test,0.5,sprint2
1-739748521,1,1,1.0,majority_baseline,baseline,test,0.5,sprint2
1-738821771,1,1,1.0,majority_baseline,baseline,test,0.5,sprint2
1-727021332,0,1,1.0,majority_baseline,baseline,test,0.5,sprint2
1-738624331,1,1,1.0,majority_baseline,baseline,test,0.5,sprint2
1-740462073,1,1,1.0,majority_baseline,baseline,test,0.5,sprint2
1-739595270,1,1,1.0,majority_baseline,baseline,test,0.5,sprint2
1-728515447,0,1,1.0,majority_baseline,baseline,test,0.5,sprint2
1-740604071,1,1,1.0,majority_baseline,baseline,test,0.5,sprint2
1-738350372,0,1,1.0,majority_baseline,baseline,test,0.5,sprint2
1-733565953,0,1,1.0,majority_baseline,baseline,test,0.5,sprint2
1-740626771,1,1,1.0,majority_baseline,baseline,test,0.5,sprint2
1-740436985,0,1,1.0,majority_baseline,baseline,test,0.5,sprint2
1-729463861,0,1,1.0,majority_baseline,baseline,test,0.5,sprint2
1-738649186,1,1,1.0,majority_baseline,baseline,test,0.5,sprint2
1-739181083,1,1,1.0,majority_baseline,baseline,test,0.5,sprint2
1-740741761,1,1,1.0,majority_baseline,baseline,test,0.5,sprint2
1-739425141,1,1,1.0,majority_baseline,baseline,test,0.5,sprint2
1-735168341,1,1,1.0,majority_baseline,baseline,test,0.5,sprint2
1-739824142,1,1,1.0,majority_baseline,baseline,test,0.5,sprint2
1-738694049,1,1,1.0,majority_baseline,baseline,test,0.5,sprint2
1-738762222,0,1,1.0,majority_baseline,baseline,test,0.5,sprint2
1-740489995,1,1,1.0,majority_baseline,baseline,test,0.5,sprint2
1-740726083,1,1,1.0,majority_baseline,baseline,test,0.5,sprint2
1-740585777,1,1,1.0,majority_baseline,baseline,test,0.5,sprint2
1-739688671,1,1,1.0,majority_baseline,baseline,test,0.5,sprint2
1-739277436,1,1,1.0,majority_baseline,baseline,test,0.5,sprint2
1-738479350,1,1,1.0,majority_baseline,baseline,test,0.5,sprint2
1-738681116,1,1,1.0,majority_baseline,baseline,test,0.5,sprint2
1-738498947,1,1,1.0,majority_baseline,baseline,test,0.5,sprint2
1-739711400,1,1,1.0,majority_baseline,baseline,test,0.5,sprint2
1-739198573,0,1,1.0,majority_baseline,baseline,test,0.5,sprint2
1-738619400,1,1,1.0,majority_baseline,baseline,test,0.5,sprint2
1-730018116,0,1,1.0,majority_baseline,baseline,test,0.5,sprint2
1-737464075,1,1,1.0,majority_baseline,baseline,test,0.5,sprint2
1-730030995,0,1,1.0,majority_baseline,baseline,test,0.5,sprint2
1-739724947,0,1,1.0,majority_baseline,baseline,test,0.5,sprint2
1-728749109,0,1,1.0,majority_baseline,baseline,test,0.5,sprint2
1-734673391,0,1,1.0,majority_baseline,baseline,test,0.5,sprint2
1-728515380,0,1,1.0,majority_baseline,baseline,test,0.5,sprint2
1-738520406,0,1,1.0,majority_baseline,baseline,test,0.5,sprint2
1-739265473,1,1,1.0,majority_baseline,baseline,test,0.5,sprint2
1-730081404,0,1,1.0,majority_baseline,baseline,test,0.5,sprint2
1-738651887,1,1,1.0,majority_baseline,baseline,test,0.5,sprint2
1-736547971,1,1,1.0,majority_baseline,baseline,test,0.5,sprint2
1-740604526,1,1,1.0,majority_baseline,baseline,test,0.5,sprint2
1-738436494,1,1,1.0,majority_baseline,baseline,test,0.5,sprint2
1-732984553,1,1,1.0,majority_baseline,baseline,test,0.5,sprint2
1-735104477,1,1,1.0,majority_baseline,baseline,test,0.5,sprint2
1-717397801,0,1,1.0,majority_baseline,baseline,test,0.5,sprint2
1-730068930,0,1,1.0,majority_baseline,baseline,test,0.5,sprint2
1-731830101,0,1,1.0,majority_baseline,baseline,test,0.5,sprint2
1-740439355,0,1,1.0,majority_baseline,baseline,test,0.5,sprint2
1-739225821,1,1,1.0,majority_baseline,baseline,test,0.5,sprint2
1-736726701,1,1,1.0,majority_baseline,baseline,test,0.5,sprint2
1-736674641,0,1,1.0,majority_baseline,baseline,test,0.5,sprint2
1-733022791,0,1,1.0,majority_baseline,baseline,test,0.5,sprint2
1-719427538,0,1,1.0,majority_baseline,baseline,test,0.5,sprint2
1-706675514,0,1,1.0,majority_baseline,baseline,test,0.5,sprint2
1-734673481,0,1,1.0,majority_baseline,baseline,test,0.5,sprint2
1-739265861,0,1,1.0,majority_baseline,baseline,test,0.5,sprint2
1-738821202,0,1,1.0,majority_baseline,baseline,test,0.5,sprint2
1-740527242,1,1,1.0,majority_baseline,baseline,test,0.5,sprint2
1-738279833,0,1,1.0,majority_baseline,baseline,test,0.5,sprint2
1-737363281,1,1,1.0,majority_baseline,baseline,test,0.5,sprint2
1-740812490,0,1,1.0,majority_baseline,baseline,test,0.5,sprint2
1-660730501,0,1,1.0,majority_baseline,baseline,test,0.5,sprint2
1-717207263,0,1,1.0,majority_baseline,baseline,test,0.5,sprint2
1-735181741,0,1,1.0,majority_baseline,baseline,test,0.5,sprint2
1-737370099,1,1,1.0,majority_baseline,baseline,test,0.5,sprint2
1-740693170,1,1,1.0,majority_baseline,baseline,test,0.5,sprint2
1-738428069,1,1,1.0,majority_baseline,baseline,test,0.5,sprint2
1-733209231,0,1,1.0,majority_baseline,baseline,test,0.5,sprint2
1-736701201,0,1,1.0,majority_baseline,baseline,test,0.5,sprint2
1-738763461,0,1,1.0,majority_baseline,baseline,test,0.5,sprint2
1-739163093,0,1,1.0,majority_baseline,baseline,test,0.5,sprint2
1-738153171,1,1,1.0,majority_baseline,baseline,test,0.5,sprint2
1-739345510,0,1,1.0,majority_baseline,baseline,test,0.5,sprint2
1-722410885,0,1,1.0,majority_baseline,baseline,test,0.5,sprint2
1-731439441,0,1,1.0,majority_baseline,baseline,test,0.5,sprint2
1-729586865,0,1,1.0,majority_baseline,baseline,test,0.5,sprint2
1-730969241,0,1,1.0,majority_baseline,baseline,test,0.5,sprint2
1-649950870,0,1,1.0,majority_baseline,baseline,test,0.5,sprint2
1-740803513,1,1,1.0,majority_baseline,baseline,test,0.5,sprint2
1-698065363,0,1,1.0,majority_baseline,baseline,test,0.5,sprint2
1-729783786,0,1,1.0,majority_baseline,baseline,test,0.5,sprint2
1-731134946,0,1,1.0,majority_baseline,baseline,test,0.5,sprint2
1-738710898,1,1,1.0,majority_baseline,baseline,test,0.5,sprint2
1-740330013,0,1,1.0,majority_baseline,baseline,test,0.5,sprint2
1-738812266,1,1,1.0,majority_baseline,baseline,test,0.5,sprint2
1-709563537,0,1,1.0,majority_baseline,baseline,test,0.5,sprint2
1-738712831,0,1,1.0,majority_baseline,baseline,test,0.5,sprint2
1-738821511,1,1,1.0,majority_baseline,baseline,test,0.5,sprint2
1-739199944,1,1,1.0,majority_baseline,baseline,test,0.5,sprint2
1-740537705,1,1,1.0,majority_baseline,baseline,test,0.5,sprint2
1-722043575,0,1,1.0,majority_baseline,baseline,test,0.5,sprint2
1-738167133,1,1,1.0,majority_baseline,baseline,test,0.5,sprint2
1-738539226,1,1,1.0,majority_baseline,baseline,test,0.5,sprint2
1-726908881,0,1,1.0,majority_baseline,baseline,test,0.5,sprint2
1-737379287,1,1,1.0,majority_baseline,baseline,test,0.5,sprint2
1-739901781,1,1,1.0,majority_baseline,baseline,test,0.5,sprint2
1-739829006,1,1,1.0,majority_baseline,baseline,test,0.5,sprint2
1-733249884,0,1,1.0,majority_baseline,baseline,test,0.5,sprint2
1-739322688,1,1,1.0,majority_baseline,baseline,test,0.5,sprint2
1-601328051,0,1,1.0,majority_baseline,baseline,test,0.5,sprint2
1-740359121,1,1,1.0,majority_baseline,baseline,test,0.5,sprint2
1-738344686,1,1,1.0,majority_baseline,baseline,test,0.5,sprint2
1-738516996,1,1,1.0,majority_baseline,baseline,test,0.5,sprint2
1-719278949,0,1,1.0,majority_baseline,baseline,test,0.5,sprint2
1-717491930,0,1,1.0,majority_baseline,baseline,test,0.5,sprint2
1-736720658,0,1,1.0,majority_baseline,baseline,test,0.5,sprint2
1-696080795,0,1,1.0,majority_baseline,baseline,test,0.5,sprint2
1-740760321,1,1,1.0,majority_baseline,baseline,test,0.5,sprint2
1-739646215,1,1,1.0,majority_baseline,baseline,test,0.5,sprint2
1-738436127,1,1,1.0,majority_baseline,baseline,test,0.5,sprint2
1-739483315,1,1,1.0,majority_baseline,baseline,test,0.5,sprint2
1-740680465,1,1,1.0,majority_baseline,baseline,test,0.5,sprint2
1-735117242,0,1,1.0,majority_baseline,baseline,test,0.5,sprint2
1-740529245,1,1,1.0,majority_baseline,baseline,test,0.5,sprint2
1-735168641,1,1,1.0,majority_baseline,baseline,test,0.5,sprint2
1-738651383,1,1,1.0,majority_baseline,baseline,test,0.5,sprint2
1-740593970,1,1,1.0,majority_baseline,baseline,test,0.5,sprint2
1-735894967,0,1,1.0,majority_baseline,baseline,test,0.5,sprint2
1-738568317,1,1,1.0,majority_baseline,baseline,test,0.5,sprint2
1-736773092,0,1,1.0,majority_baseline,baseline,test,0.5,sprint2
1-739188103,1,1,1.0,majority_baseline,baseline,test,0.5,sprint2
1-738611143,1,1,1.0,majority_baseline,baseline,test,0.5,sprint2
1-739675883,1,1,1.0,majority_baseline,baseline,test,0.5,sprint2
1-738297782,1,1,1.0,majority_baseline,baseline,test,0.5,sprint2
1-739213011,0,1,1.0,majority_baseline,baseline,test,0.5,sprint2
1-733418076,0,1,1.0,majority_baseline,baseline,test,0.5,sprint2
1-740792192,1,1,1.0,majority_baseline,baseline,test,0.5,sprint2
1-736771164,1,1,1.0,majority_baseline,baseline,test,0.5,sprint2
1-738551511,0,1,1.0,majority_baseline,baseline,test,0.5,sprint2
1-739733281,0,1,1.0,majority_baseline,baseline,test,0.5,sprint2
1-740805045,1,1,1.0,majority_baseline,baseline,test,0.5,sprint2
1-736507520,1,1,1.0,majority_baseline,baseline,test,0.5,sprint2
1-739225511,1,1,1.0,majority_baseline,baseline,test,0.5,sprint2
1-738590753,1,1,1.0,majority_baseline,baseline,test,0.5,sprint2
1-739197764,0,1,1.0,majority_baseline,baseline,test,0.5,sprint2
1-740752103,0,1,1.0,majority_baseline,baseline,test,0.5,sprint2
1-708621211,0,1,1.0,majority_baseline,baseline,test,0.5,sprint2
1-732121564,0,1,1.0,majority_baseline,baseline,test,0.5,sprint2
1-738536998,1,1,1.0,majority_baseline,baseline,test,0.5,sprint2
1-738387566,1,1,1.0,majority_baseline,baseline,test,0.5,sprint2
1-738847354,0,1,1.0,majority_baseline,baseline,test,0.5,sprint2
1-736503159,0,1,1.0,majority_baseline,baseline,test,0.5,sprint2
1-736507449,0,1,1.0,majority_baseline,baseline,test,0.5,sprint2
1-738821640,1,1,1.0,majority_baseline,baseline,test,0.5,sprint2
1-740471440,1,1,1.0,majority_baseline,baseline,test,0.5,sprint2
1-740423567,0,1,1.0,majority_baseline,baseline,test,0.5,sprint2
1-739494277,1,1,1.0,majority_baseline,baseline,test,0.5,sprint2
1-739479240,0,1,1.0,majority_baseline,baseline,test,0.5,sprint2
1-739400416,1,1,1.0,majority_baseline,baseline,test,0.5,sprint2
1-738819441,0,1,1.0,majority_baseline,baseline,test,0.5,sprint2
1-739183648,0,1,1.0,majority_baseline,baseline,test,0.5,sprint2
1-740780397,1,1,1.0,majority_baseline,baseline,test,0.5,sprint2
1-738646556,0,1,1.0,majority_baseline,baseline,test,0.5,sprint2
1-740359633,1,1,1.0,majority_baseline,baseline,test,0.5,sprint2
1-736674371,0,1,1.0,majority_baseline,baseline,test,0.5,sprint2
1-738828056,1,1,1.0,majority_baseline,baseline,test,0.5,sprint2
1-740302868,1,1,1.0,majority_baseline,baseline,test,0.5,sprint2
1-740723470,1,1,1.0,majority_baseline,baseline,test,0.5,sprint2
1-738321308,1,1,1.0,majority_baseline,baseline,test,0.5,sprint2
1-740293511,1,1,1.0,majority_baseline,baseline,test,0.5,sprint2
1-691759626,0,1,1.0,majority_baseline,baseline,test,0.5,sprint2
1-715927090,0,1,1.0,majority_baseline,baseline,test,0.5,sprint2
1-738473477,1,1,1.0,majority_baseline,baseline,test,0.5,sprint2
1-732259271,0,1,1.0,majority_baseline,baseline,test,0.5,sprint2
1-738189512,0,1,1.0,majority_baseline,baseline,test,0.5,sprint2
1-611261188,0,1,1.0,majority_baseline,baseline,test,0.5,sprint2
1-740537776,0,1,1.0,majority_baseline,baseline,test,0.5,sprint2
1-740641770,1,1,1.0,majority_baseline,baseline,test,0.5,sprint2
1-730960949,0,1,1.0,majority_baseline,baseline,test,0.5,sprint2
1-737461887,1,1,1.0,majority_baseline,baseline,test,0.5,sprint2
1-738242392,0,1,1.0,majority_baseline,baseline,test,0.5,sprint2
1-737425019,1,1,1.0,majority_baseline,baseline,test,0.5,sprint2
1-689461262,0,1,1.0,majority_baseline,baseline,test,0.5,sprint2
1-722180065,0,1,1.0,majority_baseline,baseline,test,0.5,sprint2
1-737350653,0,1,1.0,majority_baseline,baseline,test,0.5,sprint2
1-730919441,0,1,1.0,majority_baseline,baseline,test,0.5,sprint2
1-720382341,0,1,1.0,majority_baseline,baseline,test,0.5,sprint2
1-739211459,0,1,1.0,majority_baseline,baseline,test,0.5,sprint2
1-594260021,0,1,1.0,majority_baseline,baseline,test,0.5,sprint2
1-738388399,1,1,1.0,majority_baseline,baseline,test,0.5,sprint2
1-739688243,0,1,1.0,majority_baseline,baseline,test,0.5,sprint2
1-740604703,1,1,1.0,majority_baseline,baseline,test,0.5,sprint2
1-738631271,1,1,1.0,majority_baseline,baseline,test,0.5,sprint2
1-739413212,1,1,1.0,majority_baseline,baseline,test,0.5,sprint2
1-738699103,1,1,1.0,majority_baseline,baseline,test,0.5,sprint2
1-734838388,0,1,1.0,majority_baseline,baseline,test,0.5,sprint2
1-729468185,0,1,1.0,majority_baseline,baseline,test,0.5,sprint2
1-740566848,1,1,1.0,majority_baseline,baseline,test,0.5,sprint2
1-738894310,0,1,1.0,majority_baseline,baseline,test,0.5,sprint2
1-740292753,0,1,1.0,majority_baseline,baseline,test,0.5,sprint2
1-737325748,1,1,1.0,majority_baseline,baseline,test,0.5,sprint2
1-737314763,1,1,1.0,majority_baseline,baseline,test,0.5,sprint2
1-736391805,1,1,1.0,majority_baseline,baseline,test,0.5,sprint2
1-735918771,0,1,1.0,majority_baseline,baseline,test,0.5,sprint2
1-731829961,0,1,1.0,majority_baseline,baseline,test,0.5,sprint2
1-722011393,0,1,1.0,majority_baseline,baseline,test,0.5,sprint2
1-730833007,0,1,1.0,majority_baseline,baseline,test,0.5,sprint2
1-729463741,0,1,1.0,majority_baseline,baseline,test,0.5,sprint2
1-738150482,0,1,1.0,majority_baseline,baseline,test,0.5,sprint2
1-739872708,1,1,1.0,majority_baseline,baseline,test,0.5,sprint2
1-737357973,1,1,1.0,majority_baseline,baseline,test,0.5,sprint2
1-739385294,0,1,1.0,majority_baseline,baseline,test,0.5,sprint2
1-738324958,1,1,1.0,majority_baseline,baseline,test,0.5,sprint2
1-733076871,0,1,1.0,majority_baseline,baseline,test,0.5,sprint2
1-738894462,0,1,1.0,majority_baseline,baseline,test,0.5,sprint2
1-739345262,1,1,1.0,majority_baseline,baseline,test,0.5,sprint2
1-738247307,1,1,1.0,majority_baseline,baseline,test,0.5,sprint2
1-737358292,1,1,1.0,majority_baseline,baseline,test,0.5,sprint2
1-720303301,0,1,1.0,majority_baseline,baseline,test,0.5,sprint2
1-731064118,0,1,1.0,majority_baseline,baseline,test,0.5,sprint2
1-530458987,0,1,1.0,majority_baseline,baseline,test,0.5,sprint2
1-739368417,1,1,1.0,majority_baseline,baseline,test,0.5,sprint2
1-734681311,0,1,1.0,majority_baseline,baseline,test,0.5,sprint2
1-739523861,1,1,1.0,majority_baseline,baseline,test,0.5,sprint2
1-740398649,0,1,1.0,majority_baseline,baseline,test,0.5,sprint2
1-730802686,0,1,1.0,majority_baseline,baseline,test,0.5,sprint2
1-732525291,0,1,1.0,majority_baseline,baseline,test,0.5,sprint2
1-738454955,1,1,1.0,majority_baseline,baseline,test,0.5,sprint2
1-732088178,1,1,1.0,majority_baseline,baseline,test,0.5,sprint2
1-738650216,0,1,1.0,majority_baseline,baseline,test,0.5,sprint2
1-738317581,1,1,1.0,majority_baseline,baseline,test,0.5,sprint2
1-739661200,1,1,1.0,majority_baseline,baseline,test,0.5,sprint2
1-732251191,0,1,1.0,majority_baseline,baseline,test,0.5,sprint2
1-736720688,0,1,1.0,majority_baseline,baseline,test,0.5,sprint2
1-739774516,1,1,1.0,majority_baseline,baseline,test,0.5,sprint2
1-728641783,0,1,1.0,majority_baseline,baseline,test,0.5,sprint2
1-740292500,0,1,1.0,majority_baseline,baseline,test,0.5,sprint2
1-722031971,0,1,1.0,majority_baseline,baseline,test,0.5,sprint2
1-738156752,0,1,1.0,majority_baseline,baseline,test,0.5,sprint2
1-738491243,1,1,1.0,majority_baseline,baseline,test,0.5,sprint2
1-740534639,1,1,1.0,majority_baseline,baseline,test,0.5,sprint2
1-734792384,0,1,1.0,majority_baseline,baseline,test,0.5,sprint2
1-697746161,0,1,1.0,majority_baseline,baseline,test,0.5,sprint2
1-733648964,0,1,1.0,majority_baseline,baseline,test,0.5,sprint2
1-736646937,1,1,1.0,majority_baseline,baseline,test,0.5,sprint2
1-729769620,0,1,1.0,majority_baseline,baseline,test,0.5,sprint2
1-738543481,1,1,1.0,majority_baseline,baseline,test,0.5,sprint2
1-734705951,0,1,1.0,majority_baseline,baseline,test,0.5,sprint2
1-642402641,0,1,1.0,majority_baseline,baseline,test,0.5,sprint2
1-736772745,1,1,1.0,majority_baseline,baseline,test,0.5,sprint2
1-737464121,0,1,1.0,majority_baseline,baseline,test,0.5,sprint2
1-740780926,1,1,1.0,majority_baseline,baseline,test,0.5,sprint2
1-738153659,1,1,1.0,majority_baseline,baseline,test,0.5,sprint2
1-740493431,0,1,1.0,majority_baseline,baseline,test,0.5,sprint2
1-738658943,1,1,1.0,majority_baseline,baseline,test,0.5,sprint2
1-739285552,0,1,1.0,majority_baseline,baseline,test,0.5,sprint2
1-738303819,1,1,1.0,majority_baseline,baseline,test,0.5,sprint2
1-739211294,1,1,1.0,majority_baseline,baseline,test,0.5,sprint2
1-740859433,1,1,1.0,majority_baseline,baseline,test,0.5,sprint2
1-738651085,1,1,1.0,majority_baseline,baseline,test,0.5,sprint2
1-735015156,0,1,1.0,majority_baseline,baseline,test,0.5,sprint2
1-739727795,1,1,1.0,majority_baseline,baseline,test,0.5,sprint2
1-719376891,0,1,1.0,majority_baseline,baseline,test,0.5,sprint2
1-656373348,0,1,1.0,majority_baseline,baseline,test,0.5,sprint2
1-732011856,0,1,1.0,majority_baseline,baseline,test,0.5,sprint2
1-740662381,1,1,1.0,majority_baseline,baseline,test,0.5,sprint2
1-738806528,1,1,1.0,majority_baseline,baseline,test,0.5,sprint2
1-739548891,1,1,1.0,majority_baseline,baseline,test,0.5,sprint2
1-738663505,1,1,1.0,majority_baseline,baseline,test,0.5,sprint2
1-720110782,0,1,1.0,majority_baseline,baseline,test,0.5,sprint2
1-740364166,1,1,1.0,majority_baseline,baseline,test,0.5,sprint2
1-740696526,1,1,1.0,majority_baseline,baseline,test,0.5,sprint2
1-737390796,0,1,1.0,majority_baseline,baseline,test,0.5,sprint2
1-738367681,0,1,1.0,majority_baseline,baseline,test,0.5,sprint2
1-734847613,0,1,1.0,majority_baseline,baseline,test,0.5,sprint2
1-740581372,1,1,1.0,majority_baseline,baseline,test,0.5,sprint2
1-699103686,0,1,1.0,majority_baseline,baseline,test,0.5,sprint2
1-739494148,1,1,1.0,majority_baseline,baseline,test,0.5,sprint2
1-740309261,1,1,1.0,majority_baseline,baseline,test,0.5,sprint2
1-740639892,1,1,1.0,majority_baseline,baseline,test,0.5,sprint2
1-738462631,1,1,1.0,majority_baseline,baseline,test,0.5,sprint2
1-736488559,1,1,1.0,majority_baseline,baseline,test,0.5,sprint2
1-738424734,0,1,1.0,majority_baseline,baseline,test,0.5,sprint2
1-541468268,0,1,1.0,majority_baseline,baseline,test,0.5,sprint2
1-720139895,0,1,1.0,majority_baseline,baseline,test,0.5,sprint2
1-739468081,0,1,1.0,majority_baseline,baseline,test,0.5,sprint2
1-699655497,0,1,1.0,majority_baseline,baseline,test,0.5,sprint2
1-732439433,1,1,1.0,majority_baseline,baseline,test,0.5,sprint2
1-740303502,1,1,1.0,majority_baseline,baseline,test,0.5,sprint2
1-738588161,1,1,1.0,majority_baseline,baseline,test,0.5,sprint2
1-738539604,1,1,1.0,majority_baseline,baseline,test,0.5,sprint2
1-740307721,1,1,1.0,majority_baseline,baseline,test,0.5,sprint2
1-736658394,1,1,1.0,majority_baseline,baseline,test,0.5,sprint2
1-708116786,0,1,1.0,majority_baseline,baseline,test,0.5,sprint2
1-738424868,0,1,1.0,majority_baseline,baseline,test,0.5,sprint2
1-738367281,1,1,1.0,majority_baseline,baseline,test,0.5,sprint2
1-738155318,0,1,1.0,majority_baseline,baseline,test,0.5,sprint2
1-735262468,0,1,1.0,majority_baseline,baseline,test,0.5,sprint2
1-740367985,1,1,1.0,majority_baseline,baseline,test,0.5,sprint2
1-738277328,1,1,1.0,majority_baseline,baseline,test,0.5,sprint2
1-739826451,0,1,1.0,majority_baseline,baseline,test,0.5,sprint2
1-738156937,1,1,1.0,majority_baseline,baseline,test,0.5,sprint2
1-739845918,0,1,1.0,majority_baseline,baseline,test,0.5,sprint2
1-734868961,0,1,1.0,majority_baseline,baseline,test,0.5,sprint2
1-739688146,1,1,1.0,majority_baseline,baseline,test,0.5,sprint2
1-739224951,0,1,1.0,majority_baseline,baseline,test,0.5,sprint2
1-736771448,1,1,1.0,majority_baseline,baseline,test,0.5,sprint2
1-740707112,1,1,1.0,majority_baseline,baseline,test,0.5,sprint2
1-736726861,1,1,1.0,majority_baseline,baseline,test,0.5,sprint2
1-738281145,0,1,1.0,majority_baseline,baseline,test,0.5,sprint2
1-736726720,1,1,1.0,majority_baseline,baseline,test,0.5,sprint2
1-732212241,0,1,1.0,majority_baseline,baseline,test,0.5,sprint2
1-737354231,1,1,1.0,majority_baseline,baseline,test,0.5,sprint2
1-730780976,0,1,1.0,majority_baseline,baseline,test,0.5,sprint2
1-738847319,0,1,1.0,majority_baseline,baseline,test,0.5,sprint2
1-739552585,1,1,1.0,majority_baseline,baseline,test,0.5,sprint2
1-739688097,1,1,1.0,majority_baseline,baseline,test,0.5,sprint2
1-740617671,1,1,1.0,majority_baseline,baseline,test,0.5,sprint2
1-735064620,0,1,1.0,majority_baseline,baseline,test,0.5,sprint2
1-737322701,1,1,1.0,majority_baseline,baseline,test,0.5,sprint2
1-717137957,0,1,1.0,majority_baseline,baseline,test,0.5,sprint2
1-739412416,1,1,1.0,majority_baseline,baseline,test,0.5,sprint2
1-739732277,0,1,1.0,majority_baseline,baseline,test,0.5,sprint2
1-730768526,0,1,1.0,majority_baseline,baseline,test,0.5,sprint2
1-738722955,1,1,1.0,majority_baseline,baseline,test,0.5,sprint2
1-737384185,1,1,1.0,majority_baseline,baseline,test,0.5,sprint2
1-739203256,0,1,1.0,majority_baseline,baseline,test,0.5,sprint2
1-738317813,1,1,1.0,majority_baseline,baseline,test,0.5,sprint2
1-705895959,0,1,1.0,majority_baseline,baseline,test,0.5,sprint2
1-739225001,0,1,1.0,majority_baseline,baseline,test,0.5,sprint2
1-738812459,1,1,1.0,majority_baseline,baseline,test,0.5,sprint2
1-736519419,0,1,1.0,majority_baseline,baseline,test,0.5,sprint2
1-739524210,1,1,1.0,majority_baseline,baseline,test,0.5,sprint2
1-740803777,1,1,1.0,majority_baseline,baseline,test,0.5,sprint2
1-740604691,1,1,1.0,majority_baseline,baseline,test,0.5,sprint2
1-734987071,0,1,1.0,majority_baseline,baseline,test,0.5,sprint2
1-738367351,0,1,1.0,majority_baseline,baseline,test,0.5,sprint2
1-736633879,1,1,1.0,majority_baseline,baseline,test,0.5,sprint2
1-733075475,0,1,1.0,majority_baseline,baseline,test,0.5,sprint2
1-739617397,1,1,1.0,majority_baseline,baseline,test,0.5,sprint2
1-738565236,1,1,1.0,majority_baseline,baseline,test,0.5,sprint2
1-739435897,1,1,1.0,majority_baseline,baseline,test,0.5,sprint2
1-739522233,1,1,1.0,majority_baseline,baseline,test,0.5,sprint2
1-738619146,1,1,1.0,majority_baseline,baseline,test,0.5,sprint2
1-738226136,1,1,1.0,majority_baseline,baseline,test,0.5,sprint2
1-738288901,0,1,1.0,majority_baseline,baseline,test,0.5,sprint2
1-730760715,0,1,1.0,majority_baseline,baseline,test,0.5,sprint2
1-738454035,1,1,1.0,majority_baseline,baseline,test,0.5,sprint2
1-740324225,0,1,1.0,majority_baseline,baseline,test,0.5,sprint2
1-738448897,1,1,1.0,majority_baseline,baseline,test,0.5,sprint2
1-734688312,0,1,1.0,majority_baseline,baseline,test,0.5,sprint2
1-738342943,0,1,1.0,majority_baseline,baseline,test,0.5,sprint2
1-710133933,0,1,1.0,majority_baseline,baseline,test,0.5,sprint2
1-740604620,1,1,1.0,majority_baseline,baseline,test,0.5,sprint2
1-734968198,1,1,1.0,majority_baseline,baseline,test,0.5,sprint2
1-737375093,0,1,1.0,majority_baseline,baseline,test,0.5,sprint2
1-739506338,0,1,1.0,majority_baseline,baseline,test,0.5,sprint2
1-739581958,1,1,1.0,majority_baseline,baseline,test,0.5,sprint2
1-738897343,0,1,1.0,majority_baseline,baseline,test,0.5,sprint2
1-737327349,0,1,1.0,majority_baseline,baseline,test,0.5,sprint2
1-740835137,1,1,1.0,majority_baseline,baseline,test,0.5,sprint2
1-739454164,1,1,1.0,majority_baseline,baseline,test,0.5,sprint2
1-739183035,1,1,1.0,majority_baseline,baseline,test,0.5,sprint2
1-738768747,1,1,1.0,majority_baseline,baseline,test,0.5,sprint2
1-739774964,1,1,1.0,majority_baseline,baseline,test,0.5,sprint2
1-738201417,0,1,1.0,majority_baseline,baseline,test,0.5,sprint2
1-740543015,1,1,1.0,majority_baseline,baseline,test,0.5,sprint2
1-739269022,1,1,1.0,majority_baseline,baseline,test,0.5,sprint2
1-740307634,0,1,1.0,majority_baseline,baseline,test,0.5,sprint2
1-728380361,0,1,1.0,majority_baseline,baseline,test,0.5,sprint2
1-737414611,1,1,1.0,majority_baseline,baseline,test,0.5,sprint2
1-738400398,1,1,1.0,majority_baseline,baseline,test,0.5,sprint2
1-736567811,0,1,1.0,majority_baseline,baseline,test,0.5,sprint2
1-734725890,0,1,1.0,majority_baseline,baseline,test,0.5,sprint2
1-737325626,0,1,1.0,majority_baseline,baseline,test,0.5,sprint2
1-730698833,0,1,1.0,majority_baseline,baseline,test,0.5,sprint2
1-740839548,1,1,1.0,majority_baseline,baseline,test,0.5,sprint2
1-740726483,0,1,1.0,majority_baseline,baseline,test,0.5,sprint2
1-739824484,0,1,1.0,majority_baseline,baseline,test,0.5,sprint2
1-738201468,0,1,1.0,majority_baseline,baseline,test,0.5,sprint2
1-728565252,0,1,1.0,majority_baseline,baseline,test,0.5,sprint2
1-726554431,0,1,1.0,majority_baseline,baseline,test,0.5,sprint2
1-740821231,1,1,1.0,majority_baseline,baseline,test,0.5,sprint2
1-733405424,0,1,1.0,majority_baseline,baseline,test,0.5,sprint2
1-738482041,1,1,1.0,majority_baseline,baseline,test,0.5,sprint2
1-738596480,1,1,1.0,majority_baseline,baseline,test,0.5,sprint2
1-736536471,1,1,1.0,majority_baseline,baseline,test,0.5,sprint2
1-740617320,1,1,1.0,majority_baseline,baseline,test,0.5,sprint2
1-736674391,1,1,1.0,majority_baseline,baseline,test,0.5,sprint2
1-739494423,0,1,1.0,majority_baseline,baseline,test,0.5,sprint2
1-739444561,1,1,1.0,majority_baseline,baseline,test,0.5,sprint2
1-739513131,1,1,1.0,majority_baseline,baseline,test,0.5,sprint2
1-716202992,0,1,1.0,majority_baseline,baseline,test,0.5,sprint2
1-716425334,0,1,1.0,majority_baseline,baseline,test,0.5,sprint2
1-740630195,0,1,1.0,majority_baseline,baseline,test,0.5,sprint2
1-739837348,0,1,1.0,majority_baseline,baseline,test,0.5,sprint2
1-739773105,1,1,1.0,majority_baseline,baseline,test,0.5,sprint2
1-739248008,0,1,1.0,majority_baseline,baseline,test,0.5,sprint2
1-737405220,0,1,1.0,majority_baseline,baseline,test,0.5,sprint2
1-729519781,0,1,1.0,majority_baseline,baseline,test,0.5,sprint2
1-730071611,0,1,1.0,majority_baseline,baseline,test,0.5,sprint2
1-738201516,0,1,1.0,majority_baseline,baseline,test,0.5,sprint2
1-739413127,0,1,1.0,majority_baseline,baseline,test,0.5,sprint2
1-739254765,1,1,1.0,majority_baseline,baseline,test,0.5,sprint2
1-720236793,0,1,1.0,majority_baseline,baseline,test,0.5,sprint2
1-739228761,1,1,1.0,majority_baseline,baseline,test,0.5,sprint2
1-737356406,1,1,1.0,majority_baseline,baseline,test,0.5,sprint2
1-738631077,0,1,1.0,majority_baseline,baseline,test,0.5,sprint2
1-738221446,0,1,1.0,majority_baseline,baseline,test,0.5,sprint2
1-733265984,0,1,1.0,majority_baseline,baseline,test,0.5,sprint2
1-740639823,1,1,1.0,majority_baseline,baseline,test,0.5,sprint2
1-722019330,0,1,1.0,majority_baseline,baseline,test,0.5,sprint2
1-739276913,1,1,1.0,majority_baseline,baseline,test,0.5,sprint2
1-740816193,1,1,1.0,majority_baseline,baseline,test,0.5,sprint2
1-709542591,0,1,1.0,majority_baseline,baseline,test,0.5,sprint2
1-739254329,0,1,1.0,majority_baseline,baseline,test,0.5,sprint2
1-734799380,1,1,1.0,majority_baseline,baseline,test,0.5,sprint2
1-739418978,1,1,1.0,majority_baseline,baseline,test,0.5,sprint2
1-738897443,0,1,1.0,majority_baseline,baseline,test,0.5,sprint2
1-732863332,0,1,1.0,majority_baseline,baseline,test,0.5,sprint2
1-738317569,1,1,1.0,majority_baseline,baseline,test,0.5,sprint2
1-736676173,1,1,1.0,majority_baseline,baseline,test,0.5,sprint2
1-739711714,1,1,1.0,majority_baseline,baseline,test,0.5,sprint2
1-738779783,1,1,1.0,majority_baseline,baseline,test,0.5,sprint2
1-737397468,1,1,1.0,majority_baseline,baseline,test,0.5,sprint2
1-730655295,0,1,1.0,majority_baseline,baseline,test,0.5,sprint2
1-720238521,0,1,1.0,majority_baseline,baseline,test,0.5,sprint2
1-740315219,0,1,1.0,majority_baseline,baseline,test,0.5,sprint2
1-736445691,0,1,1.0,majority_baseline,baseline,test,0.5,sprint2
1-740703544,0,1,1.0,majority_baseline,baseline,test,0.5,sprint2
1-738233715,1,1,1.0,majority_baseline,baseline,test,0.5,sprint2
1-740662454,1,1,1.0,majority_baseline,baseline,test,0.5,sprint2
1-739412580,1,1,1.0,majority_baseline,baseline,test,0.5,sprint2
1-720069769,0,1,1.0,majority_baseline,baseline,test,0.5,sprint2
1-739345164,0,1,1.0,majority_baseline,baseline,test,0.5,sprint2
1-737325862,1,1,1.0,majority_baseline,baseline,test,0.5,sprint2
1-736722204,0,1,1.0,majority_baseline,baseline,test,0.5,sprint2
1-739359372,0,1,1.0,majority_baseline,baseline,test,0.5,sprint2
1-738799394,1,1,1.0,majority_baseline,baseline,test,0.5,sprint2
1-738343331,0,1,1.0,majority_baseline,baseline,test,0.5,sprint2
1-734672931,0,1,1.0,majority_baseline,baseline,test,0.5,sprint2
1-739333031,1,1,1.0,majority_baseline,baseline,test,0.5,sprint2
1-653391886,0,1,1.0,majority_baseline,baseline,test,0.5,sprint2
1-737461747,1,1,1.0,majority_baseline,baseline,test,0.5,sprint2
1-738712122,1,1,1.0,majority_baseline,baseline,test,0.5,sprint2
1-738194051,1,1,1.0,majority_baseline,baseline,test,0.5,sprint2
1-740812093,1,1,1.0,majority_baseline,baseline,test,0.5,sprint2
1-738540584,1,1,1.0,majority_baseline,baseline,test,0.5,sprint2
1-738522051,1,1,1.0,majority_baseline,baseline,test,0.5,sprint2
1-739225471,0,1,1.0,majority_baseline,baseline,test,0.5,sprint2
1-732869294,0,1,1.0,majority_baseline,baseline,test,0.5,sprint2
1-634738521,0,1,1.0,majority_baseline,baseline,test,0.5,sprint2
1-739399832,1,1,1.0,majority_baseline,baseline,test,0.5,sprint2
1-739510108,1,1,1.0,majority_baseline,baseline,test,0.5,sprint2
1-738577635,1,1,1.0,majority_baseline,baseline,test,0.5,sprint2
1-740506051,0,1,1.0,majority_baseline,baseline,test,0.5,sprint2
1-740322680,1,1,1.0,majority_baseline,baseline,test,0.5,sprint2
1-740536916,0,1,1.0,majority_baseline,baseline,test,0.5,sprint2
1-738475810,1,1,1.0,majority_baseline,baseline,test,0.5,sprint2
1-739718556,1,1,1.0,majority_baseline,baseline,test,0.5,sprint2
1-740597414,1,1,1.0,majority_baseline,baseline,test,0.5,sprint2
1-740630690,1,1,1.0,majority_baseline,baseline,test,0.5,sprint2
1-740396542,0,1,1.0,majority_baseline,baseline,test,0.5,sprint2
1-736771013,1,1,1.0,majority_baseline,baseline,test,0.5,sprint2
1-738468352,1,1,1.0,majority_baseline,baseline,test,0.5,sprint2
1-739227761,0,1,1.0,majority_baseline,baseline,test,0.5,sprint2
1-736727723,0,1,1.0,majority_baseline,baseline,test,0.5,sprint2
1-732923380,0,1,1.0,majority_baseline,baseline,test,0.5,sprint2
1-739204657,0,1,1.0,majority_baseline,baseline,test,0.5,sprint2
1-660051308,0,1,1.0,majority_baseline,baseline,test,0.5,sprint2
1-738499841,1,1,1.0,majority_baseline,baseline,test,0.5,sprint2
1-738279718,0,1,1.0,majority_baseline,baseline,test,0.5,sprint2
1-740493521,1,1,1.0,majority_baseline,baseline,test,0.5,sprint2
1-739774151,0,1,1.0,majority_baseline,baseline,test,0.5,sprint2
1-737310761,0,1,1.0,majority_baseline,baseline,test,0.5,sprint2
1-738436301,0,1,1.0,majority_baseline,baseline,test,0.5,sprint2
1-739525350,1,1,1.0,majority_baseline,baseline,test,0.5,sprint2
1-738439348,1,1,1.0,majority_baseline,baseline,test,0.5,sprint2
1-738712653,1,1,1.0,majority_baseline,baseline,test,0.5,sprint2
1-740550820,1,1,1.0,majority_baseline,baseline,test,0.5,sprint2
1-738157938,1,1,1.0,majority_baseline,baseline,test,0.5,sprint2
1-737370121,1,1,1.0,majority_baseline,baseline,test,0.5,sprint2
1-731792134,0,1,1.0,majority_baseline,baseline,test,0.5,sprint2
1-738539654,0,1,1.0,majority_baseline,baseline,test,0.5,sprint2
1-738345878,1,1,1.0,majority_baseline,baseline,test,0.5,sprint2
1-738345132,1,1,1.0,majority_baseline,baseline,test,0.5,sprint2
1-740444186,1,1,1.0,majority_baseline,baseline,test,0.5,sprint2
1-738553347,0,1,1.0,majority_baseline,baseline,test,0.5,sprint2
1-736503759,0,1,1.0,majority_baseline,baseline,test,0.5,sprint2
1-738808785,0,1,1.0,majority_baseline,baseline,test,0.5,sprint2
1-738145960,1,1,1.0,majority_baseline,baseline,test,0.5,sprint2
1-738165006,1,1,1.0,majority_baseline,baseline,test,0.5,sprint2
1-739162983,0,1,1.0,majority_baseline,baseline,test,0.5,sprint2
1-740471146,1,1,1.0,majority_baseline,baseline,test,0.5,sprint2
1-722563681,0,1,1.0,majority_baseline,baseline,test,0.5,sprint2
1-737379459,1,1,1.0,majority_baseline,baseline,test,0.5,sprint2
1-739187981,1,1,1.0,majority_baseline,baseline,test,0.5,sprint2
1-739546914,0,1,1.0,majority_baseline,baseline,test,0.5,sprint2
1-739402047,1,1,1.0,majority_baseline,baseline,test,0.5,sprint2
1-740684365,1,1,1.0,majority_baseline,baseline,test,0.5,sprint2
1-740638451,1,1,1.0,majority_baseline,baseline,test,0.5,sprint2
1-738596195,1,1,1.0,majority_baseline,baseline,test,0.5,sprint2
1-738203329,0,1,1.0,majority_baseline,baseline,test,0.5,sprint2
1-739898902,0,1,1.0,majority_baseline,baseline,test,0.5,sprint2
1-739362198,0,1,1.0,majority_baseline,baseline,test,0.5,sprint2
1-740330883,0,1,1.0,majority_baseline,baseline,test,0.5,sprint2
1-732439530,0,1,1.0,majority_baseline,baseline,test,0.5,sprint2
1-543979253,0,1,1.0,majority_baseline,baseline,test,0.5,sprint2
1-732212231,0,1,1.0,majority_baseline,baseline,test,0.5,sprint2
1-739448488,1,1,1.0,majority_baseline,baseline,test,0.5,sprint2
1-740803667,1,1,1.0,majority_baseline,baseline,test,0.5,sprint2
1-740846820,1,1,1.0,majority_baseline,baseline,test,0.5,sprint2
1-739768102,1,1,1.0,majority_baseline,baseline,test,0.5,sprint2
1-739470748,1,1,1.0,majority_baseline,baseline,test,0.5,sprint2
1-740780000,1,1,1.0,majority_baseline,baseline,test,0.5,sprint2
1-739265256,1,1,1.0,majority_baseline,baseline,test,0.5,sprint2
1-739259299,0,1,1.0,majority_baseline,baseline,test,0.5,sprint2
1-729463781,0,1,1.0,majority_baseline,baseline,test,0.5,sprint2
1-739604574,1,1,1.0,majority_baseline,baseline,test,0.5,sprint2
1-738152084,0,1,1.0,majority_baseline,baseline,test,0.5,sprint2
1-739413428,1,1,1.0,majority_baseline,baseline,test,0.5,sprint2
1-740307782,1,1,1.0,majority_baseline,baseline,test,0.5,sprint2
1-740537914,0,1,1.0,majority_baseline,baseline,test,0.5,sprint2
1-740421503,0,1,1.0,majority_baseline,baseline,test,0.5,sprint2
1-738521200,0,1,1.0,majority_baseline,baseline,test,0.5,sprint2
1-739468278,1,1,1.0,majority_baseline,baseline,test,0.5,sprint2
1-738553104,0,1,1.0,majority_baseline,baseline,test,0.5,sprint2
1-738428797,1,1,1.0,majority_baseline,baseline,test,0.5,sprint2
1-740291939,0,1,1.0,majority_baseline,baseline,test,0.5,sprint2
1-739226916,1,1,1.0,majority_baseline,baseline,test,0.5,sprint2
1-740604809,1,1,1.0,majority_baseline,baseline,test,0.5,sprint2
1-738415271,0,1,1.0,majority_baseline,baseline,test,0.5,sprint2
1-739195932,0,1,1.0,majority_baseline,baseline,test,0.5,sprint2
1-739493119,1,1,1.0,majority_baseline,baseline,test,0.5,sprint2
1-739774346,0,1,1.0,majority_baseline,baseline,test,0.5,sprint2
1-738271115,0,1,1.0,majority_baseline,baseline,test,0.5,sprint2
1-737372105,1,1,1.0,majority_baseline,baseline,test,0.5,sprint2
1-740650963,1,1,1.0,majority_baseline,baseline,test,0.5,sprint2
1-739292191,1,1,1.0,majority_baseline,baseline,test,0.5,sprint2
1-729748027,0,1,1.0,majority_baseline,baseline,test,0.5,sprint2
1-739728191,1,1,1.0,majority_baseline,baseline,test,0.5,sprint2
1-740866691,1,1,1.0,majority_baseline,baseline,test,0.5,sprint2
1-733362771,1,1,1.0,majority_baseline,baseline,test,0.5,sprint2
1-734691225,0,1,1.0,majority_baseline,baseline,test,0.5,sprint2
1-727049292,0,1,1.0,majority_baseline,baseline,test,0.5,sprint2
1-732526526,0,1,1.0,majority_baseline,baseline,test,0.5,sprint2
1-665922195,0,1,1.0,majority_baseline,baseline,test,0.5,sprint2
1-739554251,1,1,1.0,majority_baseline,baseline,test,0.5,sprint2
1-740604843,1,1,1.0,majority_baseline,baseline,test,0.5,sprint2
1-720382501,0,1,1.0,majority_baseline,baseline,test,0.5,sprint2
1-740616924,1,1,1.0,majority_baseline,baseline,test,0.5,sprint2
1-739529384,1,1,1.0,majority_baseline,baseline,test,0.5,sprint2
1-729256831,0,1,1.0,majority_baseline,baseline,test,0.5,sprint2
1-738431011,0,1,1.0,majority_baseline,baseline,test,0.5,sprint2
1-722557908,0,1,1.0,majority_baseline,baseline,test,0.5,sprint2
1-739825987,1,1,1.0,majority_baseline,baseline,test,0.5,sprint2
1-737310005,0,1,1.0,majority_baseline,baseline,test,0.5,sprint2
1-738336918,0,1,1.0,majority_baseline,baseline,test,0.5,sprint2
1-701412801,0,1,1.0,majority_baseline,baseline,test,0.5,sprint2
1-740534221,1,1,1.0,majority_baseline,baseline,test,0.5,sprint2
1-736499191,0,1,1.0,majority_baseline,baseline,test,0.5,sprint2
1-739213508,0,1,1.0,majority_baseline,baseline,test,0.5,sprint2
1-737380151,1,1,1.0,majority_baseline,baseline,test,0.5,sprint2
1-738240060,0,1,1.0,majority_baseline,baseline,test,0.5,sprint2
1-738199908,0,1,1.0,majority_baseline,baseline,test,0.5,sprint2
1-738530967,1,1,1.0,majority_baseline,baseline,test,0.5,sprint2
1-739715631,1,1,1.0,majority_baseline,baseline,test,0.5,sprint2
1-739569871,1,1,1.0,majority_baseline,baseline,test,0.5,sprint2
1-737378916,1,1,1.0,majority_baseline,baseline,test,0.5,sprint2
1-731966686,0,1,1.0,majority_baseline,baseline,test,0.5,sprint2
1-738538552,0,1,1.0,majority_baseline,baseline,test,0.5,sprint2
1-738794053,1,1,1.0,majority_baseline,baseline,test,0.5,sprint2
1-739771511,1,1,1.0,majority_baseline,baseline,test,0.5,sprint2
1-733009526,0,1,1.0,majority_baseline,baseline,test,0.5,sprint2
1-729463821,0,1,1.0,majority_baseline,baseline,test,0.5,sprint2
1-712891909,0,1,1.0,majority_baseline,baseline,test,0.5,sprint2
1-730628190,0,1,1.0,majority_baseline,baseline,test,0.5,sprint2
1-734849621,0,1,1.0,majority_baseline,baseline,test,0.5,sprint2
1-739424259,1,1,1.0,majority_baseline,baseline,test,0.5,sprint2
1-738646578,1,1,1.0,majority_baseline,baseline,test,0.5,sprint2
1-734968773,1,1,1.0,majority_baseline,baseline,test,0.5,sprint2
1-739842681,0,1,1.0,majority_baseline,baseline,test,0.5,sprint2
1-738194676,0,1,1.0,majority_baseline,baseline,test,0.5,sprint2
1-739903026,0,1,1.0,majority_baseline,baseline,test,0.5,sprint2
1-739748781,1,1,1.0,majority_baseline,baseline,test,0.5,sprint2
1-738477691,1,1,1.0,majority_baseline,baseline,test,0.5,sprint2
1-738189611,0,1,1.0,majority_baseline,baseline,test,0.5,sprint2
1-694782353,0,1,1.0,majority_baseline,baseline,test,0.5,sprint2
1-733001687,1,1,1.0,majority_baseline,baseline,test,0.5,sprint2
1-709758563,0,1,1.0,majority_baseline,baseline,test,0.5,sprint2
1-739733254,1,1,1.0,majority_baseline,baseline,test,0.5,sprint2
1-740545322,1,1,1.0,majority_baseline,baseline,test,0.5,sprint2
1-740330812,0,1,1.0,majority_baseline,baseline,test,0.5,sprint2
1-739610728,1,1,1.0,majority_baseline,baseline,test,0.5,sprint2
1-739183018,0,1,1.0,majority_baseline,baseline,test,0.5,sprint2
1-738594676,1,1,1.0,majority_baseline,baseline,test,0.5,sprint2
1-739597970,1,1,1.0,majority_baseline,baseline,test,0.5,sprint2
1-734812571,1,1,1.0,majority_baseline,baseline,test,0.5,sprint2
1-738763605,1,1,1.0,majority_baseline,baseline,test,0.5,sprint2
1-739782743,1,1,1.0,majority_baseline,baseline,test,0.5,sprint2
1-740307843,0,1,1.0,majority_baseline,baseline,test,0.5,sprint2
1-739441720,0,1,1.0,majority_baseline,baseline,test,0.5,sprint2
1-736488545,0,1,1.0,majority_baseline,baseline,test,0.5,sprint2
1-729659065,0,1,1.0,majority_baseline,baseline,test,0.5,sprint2
1-716981483,0,1,1.0,majority_baseline,baseline,test,0.5,sprint2
1-739277260,1,1,1.0,majority_baseline,baseline,test,0.5,sprint2
1-739775208,0,1,1.0,majority_baseline,baseline,test,0.5,sprint2
1-729564393,0,1,1.0,majority_baseline,baseline,test,0.5,sprint2
1-739748321,0,1,1.0,majority_baseline,baseline,test,0.5,sprint2
1-739220741,0,1,1.0,majority_baseline,baseline,test,0.5,sprint2
1-729681899,0,1,1.0,majority_baseline,baseline,test,0.5,sprint2
1-740771790,0,1,1.0,majority_baseline,baseline,test,0.5,sprint2
1-738778441,1,1,1.0,majority_baseline,baseline,test,0.5,sprint2
1-738339986,1,1,1.0,majority_baseline,baseline,test,0.5,sprint2
1-739186199,1,1,1.0,majority_baseline,baseline,test,0.5,sprint2
1-735078551,0,1,1.0,majority_baseline,baseline,test,0.5,sprint2
1-738157291,0,1,1.0,majority_baseline,baseline,test,0.5,sprint2
1-737345338,1,1,1.0,majority_baseline,baseline,test,0.5,sprint2
1-740490856,1,1,1.0,majority_baseline,baseline,test,0.5,sprint2
1-739793941,0,1,1.0,majority_baseline,baseline,test,0.5,sprint2
1-739419638,1,1,1.0,majority_baseline,baseline,test,0.5,sprint2
1-737461181,1,1,1.0,majority_baseline,baseline,test,0.5,sprint2
1-738527296,0,1,1.0,majority_baseline,baseline,test,0.5,sprint2
1-739228215,0,1,1.0,majority_baseline,baseline,test,0.5,sprint2
1-738240312,0,1,1.0,majority_baseline,baseline,test,0.5,sprint2
1-740454929,1,1,1.0,majority_baseline,baseline,test,0.5,sprint2
1-734710056,0,1,1.0,majority_baseline,baseline,test,0.5,sprint2
1-739594564,1,1,1.0,majority_baseline,baseline,test,0.5,sprint2
1-738662281,0,1,1.0,majority_baseline,baseline,test,0.5,sprint2
1-695452478,0,1,1.0,majority_baseline,baseline,test,0.5,sprint2
1-731064788,0,1,1.0,majority_baseline,baseline,test,0.5,sprint2
1-737393224,1,1,1.0,majority_baseline,baseline,test,0.5,sprint2
1-740752178,1,1,1.0,majority_baseline,baseline,test,0.5,sprint2
1-739225481,1,1,1.0,majority_baseline,baseline,test,0.5,sprint2
1-738778477,1,1,1.0,majority_baseline,baseline,test,0.5,sprint2
1-738271038,1,1,1.0,majority_baseline,baseline,test,0.5,sprint2
1-739691501,1,1,1.0,majority_baseline,baseline,test,0.5,sprint2
1-739617373,1,1,1.0,majority_baseline,baseline,test,0.5,sprint2
1-732030331,0,1,1.0,majority_baseline,baseline,test,0.5,sprint2
1-740580599,1,1,1.0,majority_baseline,baseline,test,0.5,sprint2
1-739181558,1,1,1.0,majority_baseline,baseline,test,0.5,sprint2
1-734673532,0,1,1.0,majority_baseline,baseline,test,0.5,sprint2
1-739688417,1,1,1.0,majority_baseline,baseline,test,0.5,sprint2
1-733078101,0,1,1.0,majority_baseline,baseline,test,0.5,sprint2
1-740812542,1,1,1.0,majority_baseline,baseline,test,0.5,sprint2
1-740308821,0,1,1.0,majority_baseline,baseline,test,0.5,sprint2
1-730644761,0,1,1.0,majority_baseline,baseline,test,0.5,sprint2
1-740315409,1,1,1.0,majority_baseline,baseline,test,0.5,sprint2
1-740340137,1,1,1.0,majority_baseline,baseline,test,0.5,sprint2
1-739518367,1,1,1.0,majority_baseline,baseline,test,0.5,sprint2
1-738680951,0,1,1.0,majority_baseline,baseline,test,0.5,sprint2
1-738372944,1,1,1.0,majority_baseline,baseline,test,0.5,sprint2
1-738776205,0,1,1.0,majority_baseline,baseline,test,0.5,sprint2
1-739610663,1,1,1.0,majority_baseline,baseline,test,0.5,sprint2
1-740628101,1,1,1.0,majority_baseline,baseline,test,0.5,sprint2
1-740357692,0,1,1.0,majority_baseline,baseline,test,0.5,sprint2
1-467153946,0,1,1.0,majority_baseline,baseline,test,0.5,sprint2
1-731853501,0,1,1.0,majority_baseline,baseline,test,0.5,sprint2
1-738779776,1,1,1.0,majority_baseline,baseline,test,0.5,sprint2
1-726546276,0,1,1.0,majority_baseline,baseline,test,0.5,sprint2
1-738241838,0,1,1.0,majority_baseline,baseline,test,0.5,sprint2
1-737380791,1,1,1.0,majority_baseline,baseline,test,0.5,sprint2
1-738897198,0,1,1.0,majority_baseline,baseline,test,0.5,sprint2
1-709544188,0,1,1.0,majority_baseline,baseline,test,0.5,sprint2
1-700427997,0,1,1.0,majority_baseline,baseline,test,0.5,sprint2
1-740682224,1,1,1.0,majority_baseline,baseline,test,0.5,sprint2
1-733449199,0,1,1.0,majority_baseline,baseline,test,0.5,sprint2
1-695872361,0,1,1.0,majority_baseline,baseline,test,0.5,sprint2
1-740550393,1,1,1.0,majority_baseline,baseline,test,0.5,sprint2
1-740330801,0,1,1.0,majority_baseline,baseline,test,0.5,sprint2
1-740453371,0,1,1.0,majority_baseline,baseline,test,0.5,sprint2
1-738847562,0,1,1.0,majority_baseline,baseline,test,0.5,sprint2
1-738720868,1,1,1.0,majority_baseline,baseline,test,0.5,sprint2
1-736395019,1,1,1.0,majority_baseline,baseline,test,0.5,sprint2
1-740859565,1,1,1.0,majority_baseline,baseline,test,0.5,sprint2
1-738318345,1,1,1.0,majority_baseline,baseline,test,0.5,sprint2
1-739224771,1,1,1.0,majority_baseline,baseline,test,0.5,sprint2
1-740736929,1,1,1.0,majority_baseline,baseline,test,0.5,sprint2
1-738554633,1,1,1.0,majority_baseline,baseline,test,0.5,sprint2
1-732261051,0,1,1.0,majority_baseline,baseline,test,0.5,sprint2
1-730550464,0,1,1.0,majority_baseline,baseline,test,0.5,sprint2
1-506071646,0,1,1.0,majority_baseline,baseline,test,0.5,sprint2
1-739409573,1,1,1.0,majority_baseline,baseline,test,0.5,sprint2
1-739824377,0,1,1.0,majority_baseline,baseline,test,0.5,sprint2
1-739227205,0,1,1.0,majority_baseline,baseline,test,0.5,sprint2
1-736674181,1,1,1.0,majority_baseline,baseline,test,0.5,sprint2
1-737425758,1,1,1.0,majority_baseline,baseline,test,0.5,sprint2
1-738444926,1,1,1.0,majority_baseline,baseline,test,0.5,sprint2
1-719564142,0,1,1.0,majority_baseline,baseline,test,0.5,sprint2
1-740591717,1,1,1.0,majority_baseline,baseline,test,0.5,sprint2
1-740560551,1,1,1.0,majority_baseline,baseline,test,0.5,sprint2
1-738551651,0,1,1.0,majority_baseline,baseline,test,0.5,sprint2
1-730607446,0,1,1.0,majority_baseline,baseline,test,0.5,sprint2
1-708840891,0,1,1.0,majority_baseline,baseline,test,0.5,sprint2
1-726532876,0,1,1.0,majority_baseline,baseline,test,0.5,sprint2
1-740617839,1,1,1.0,majority_baseline,baseline,test,0.5,sprint2
1-738457346,1,1,1.0,majority_baseline,baseline,test,0.5,sprint2
1-740707326,0,1,1.0,majority_baseline,baseline,test,0.5,sprint2
1-733318093,1,1,1.0,majority_baseline,baseline,test,0.5,sprint2
1-738611382,1,1,1.0,majority_baseline,baseline,test,0.5,sprint2
1-707167142,0,1,1.0,majority_baseline,baseline,test,0.5,sprint2
1-739228360,1,1,1.0,majority_baseline,baseline,test,0.5,sprint2
1-740533531,1,1,1.0,majority_baseline,baseline,test,0.5,sprint2
1-738521074,1,1,1.0,majority_baseline,baseline,test,0.5,sprint2
1-738190361,1,1,1.0,majority_baseline,baseline,test,0.5,sprint2
1-738786961,1,1,1.0,majority_baseline,baseline,test,0.5,sprint2
1-733037955,0,1,1.0,majority_baseline,baseline,test,0.5,sprint2
1-726977591,0,1,1.0,majority_baseline,baseline,test,0.5,sprint2
1-729256531,0,1,1.0,majority_baseline,baseline,test,0.5,sprint2
1-739899237,0,1,1.0,majority_baseline,baseline,test,0.5,sprint2
1-737369560,1,1,1.0,majority_baseline,baseline,test,0.5,sprint2
1-738679810,1,1,1.0,majority_baseline,baseline,test,0.5,sprint2
1-728380521,0,1,1.0,majority_baseline,baseline,test,0.5,sprint2
1-730040641,0,1,1.0,majority_baseline,baseline,test,0.5,sprint2
1-740490649,1,1,1.0,majority_baseline,baseline,test,0.5,sprint2
1-739181358,1,1,1.0,majority_baseline,baseline,test,0.5,sprint2
1-735181724,0,1,1.0,majority_baseline,baseline,test,0.5,sprint2
1-685155470,0,1,1.0,majority_baseline,baseline,test,0.5,sprint2
1-739344931,0,1,1.0,majority_baseline,baseline,test,0.5,sprint2
1-739791073,1,1,1.0,majority_baseline,baseline,test,0.5,sprint2
1-732205269,0,1,1.0,majority_baseline,baseline,test,0.5,sprint2
1-739425641,1,1,1.0,majority_baseline,baseline,test,0.5,sprint2
1-737410768,0,1,1.0,majority_baseline,baseline,test,0.5,sprint2
1-738168238,1,1,1.0,majority_baseline,baseline,test,0.5,sprint2
1-739300131,1,1,1.0,majority_baseline,baseline,test,0.5,sprint2
1-734706293,1,1,1.0,majority_baseline,baseline,test,0.5,sprint2
1-740534541,1,1,1.0,majority_baseline,baseline,test,0.5,sprint2
1-739604482,1,1,1.0,majority_baseline,baseline,test,0.5,sprint2
1-739688521,1,1,1.0,majority_baseline,baseline,test,0.5,sprint2
1-738787748,1,1,1.0,majority_baseline,baseline,test,0.5,sprint2
1-737362863,1,1,1.0,majority_baseline,baseline,test,0.5,sprint2
1-739333145,1,1,1.0,majority_baseline,baseline,test,0.5,sprint2
1-739212951,0,1,1.0,majority_baseline,baseline,test,0.5,sprint2
1-740632539,1,1,1.0,majority_baseline,baseline,test,0.5,sprint2
1-740596194,1,1,1.0,majority_baseline,baseline,test,0.5,sprint2
1-738294050,1,1,1.0,majority_baseline,baseline,test,0.5,sprint2
1-739819436,1,1,1.0,majority_baseline,baseline,test,0.5,sprint2
1-740489901,0,1,1.0,majority_baseline,baseline,test,0.5,sprint2
1-740396710,1,1,1.0,majority_baseline,baseline,test,0.5,sprint2
1-738201705,1,1,1.0,majority_baseline,baseline,test,0.5,sprint2
1-736491238,0,1,1.0,majority_baseline,baseline,test,0.5,sprint2
1-739183699,1,1,1.0,majority_baseline,baseline,test,0.5,sprint2
1-736696073,1,1,1.0,majority_baseline,baseline,test,0.5,sprint2
1-739289054,1,1,1.0,majority_baseline,baseline,test,0.5,sprint2
1-738663491,0,1,1.0,majority_baseline,baseline,test,0.5,sprint2
1-739821187,0,1,1.0,majority_baseline,baseline,test,0.5,sprint2
1-740723068,1,1,1.0,majority_baseline,baseline,test,0.5,sprint2
1-730757694,0,1,1.0,majority_baseline,baseline,test,0.5,sprint2
1-738521720,1,1,1.0,majority_baseline,baseline,test,0.5,sprint2
1-732892273,0,1,1.0,majority_baseline,baseline,test,0.5,sprint2
1-740597381,1,1,1.0,majority_baseline,baseline,test,0.5,sprint2
1-734968410,0,1,1.0,majority_baseline,baseline,test,0.5,sprint2
1-738667704,1,1,1.0,majority_baseline,baseline,test,0.5,sprint2
1-738304751,0,1,1.0,majority_baseline,baseline,test,0.5,sprint2
1-729820704,0,1,1.0,majority_baseline,baseline,test,0.5,sprint2
1-739604586,0,1,1.0,majority_baseline,baseline,test,0.5,sprint2
1-740780169,1,1,1.0,majority_baseline,baseline,test,0.5,sprint2
1-739271131,1,1,1.0,majority_baseline,baseline,test,0.5,sprint2
1-733393162,0,1,1.0,majority_baseline,baseline,test,0.5,sprint2
1-683319231,0,1,1.0,majority_baseline,baseline,test,0.5,sprint2
1-739713264,1,1,1.0,majority_baseline,baseline,test,0.5,sprint2
1-738231394,0,1,1.0,majority_baseline,baseline,test,0.5,sprint2
1-739471935,0,1,1.0,majority_baseline,baseline,test,0.5,sprint2
1-740662652,1,1,1.0,majority_baseline,baseline,test,0.5,sprint2
1-735071172,0,1,1.0,majority_baseline,baseline,test,0.5,sprint2
1-738466335,1,1,1.0,majority_baseline,baseline,test,0.5,sprint2
1-738706476,1,1,1.0,majority_baseline,baseline,test,0.5,sprint2
1-737328743,1,1,1.0,majority_baseline,baseline,test,0.5,sprint2
1-740604632,1,1,1.0,majority_baseline,baseline,test,0.5,sprint2
1-739661731,1,1,1.0,majority_baseline,baseline,test,0.5,sprint2
1-739330955,0,1,1.0,majority_baseline,baseline,test,0.5,sprint2
1-737379744,1,1,1.0,majority_baseline,baseline,test,0.5,sprint2
1-722223033,0,1,1.0,majority_baseline,baseline,test,0.5,sprint2
1-739524423,1,1,1.0,majority_baseline,baseline,test,0.5,sprint2
1-740595579,0,1,1.0,majority_baseline,baseline,test,0.5,sprint2
1-739279860,1,1,1.0,majority_baseline,baseline,test,0.5,sprint2
1-691129791,0,1,1.0,majority_baseline,baseline,test,0.5,sprint2
1-738812232,0,1,1.0,majority_baseline,baseline,test,0.5,sprint2
1-738242199,0,1,1.0,majority_baseline,baseline,test,0.5,sprint2
1-739716719,1,1,1.0,majority_baseline,baseline,test,0.5,sprint2
1-726712611,0,1,1.0,majority_baseline,baseline,test,0.5,sprint2
1-738162209,1,1,1.0,majority_baseline,baseline,test,0.5,sprint2
1-740322551,1,1,1.0,majority_baseline,baseline,test,0.5,sprint2
1-738314403,1,1,1.0,majority_baseline,baseline,test,0.5,sprint2
1-740291950,0,1,1.0,majority_baseline,baseline,test,0.5,sprint2
1-735126180,1,1,1.0,majority_baseline,baseline,test,0.5,sprint2
1-733286591,0,1,1.0,majority_baseline,baseline,test,0.5,sprint2
1-740387750,0,1,1.0,majority_baseline,baseline,test,0.5,sprint2
1-740330381,0,1,1.0,majority_baseline,baseline,test,0.5,sprint2
1-731088401,0,1,1.0,majority_baseline,baseline,test,0.5,sprint2
1-737346121,1,1,1.0,majority_baseline,baseline,test,0.5,sprint2
1-738304421,1,1,1.0,majority_baseline,baseline,test,0.5,sprint2
1-740597547,1,1,1.0,majority_baseline,baseline,test,0.5,sprint2
1-739823923,1,1,1.0,majority_baseline,baseline,test,0.5,sprint2
1-730736338,0,1,1.0,majority_baseline,baseline,test,0.5,sprint2
1-739494731,1,1,1.0,majority_baseline,baseline,test,0.5,sprint2
1-739216604,1,1,1.0,majority_baseline,baseline,test,0.5,sprint2
1-739497882,1,1,1.0,majority_baseline,baseline,test,0.5,sprint2
1-740677367,1,1,1.0,majority_baseline,baseline,test,0.5,sprint2
1-738317240,0,1,1.0,majority_baseline,baseline,test,0.5,sprint2
1-739616211,1,1,1.0,majority_baseline,baseline,test,0.5,sprint2
1-730071731,0,1,1.0,majority_baseline,baseline,test,0.5,sprint2
1-694274811,0,1,1.0,majority_baseline,baseline,test,0.5,sprint2
1-729735075,0,1,1.0,majority_baseline,baseline,test,0.5,sprint2
1-735087312,0,1,1.0,majority_baseline,baseline,test,0.5,sprint2
1-740827851,1,1,1.0,majority_baseline,baseline,test,0.5,sprint2
1-716289998,0,1,1.0,majority_baseline,baseline,test,0.5,sprint2
1-729256251,0,1,1.0,majority_baseline,baseline,test,0.5,sprint2
1-739791039,1,1,1.0,majority_baseline,baseline,test,0.5,sprint2
1-738158129,1,1,1.0,majority_baseline,baseline,test,0.5,sprint2
1-739821679,1,1,1.0,majority_baseline,baseline,test,0.5,sprint2
1-738565786,1,1,1.0,majority_baseline,baseline,test,0.5,sprint2
1-737460300,1,1,1.0,majority_baseline,baseline,test,0.5,sprint2
1-738649666,1,1,1.0,majority_baseline,baseline,test,0.5,sprint2
1-733073251,0,1,1.0,majority_baseline,baseline,test,0.5,sprint2
1-738895252,1,1,1.0,majority_baseline,baseline,test,0.5,sprint2
1-738297251,0,1,1.0,majority_baseline,baseline,test,0.5,sprint2
1-704940021,0,1,1.0,majority_baseline,baseline,test,0.5,sprint2
1-740330871,0,1,1.0,majority_baseline,baseline,test,0.5,sprint2
